[2026-05-12T11:44:54.577] [TarrifBuilder] [INFO ]  [com.xius.TariffBuilder.TariffBuilderApplication.main] Starting TariffBuilderApplication...
[2026-05-12T11:44:55.060] [TarrifBuilder] [INFO ]  [com.xius.TariffBuilder.TariffBuilderApplication.logStarting] Starting TariffBuilderApplication using Java 21.0.9 with PID 33984 (D:\XIUS\TariffBuilder\target\classes started by muralikrishna.jami in D:\XIUS\TariffBuilder)
[2026-05-12T11:44:55.064] [TarrifBuilder] [INFO ]  [com.xius.TariffBuilder.TariffBuilderApplication.logStartupProfileInfo] No active profile set, falling back to 1 default profile: "default"
[2026-05-12T11:44:55.342] [TarrifBuilder] [INFO ]  [org.hibernate.validator.internal.util.Version.<clinit>] HV000001: Hibernate Validator 9.0.1.Final
[2026-05-12T11:44:55.851] [TarrifBuilder] [INFO ]  [org.springframework.data.repository.config.RepositoryConfigurationDelegate.registerRepositoriesIn] Bootstrapping Spring Data JPA repositories in DEFAULT mode.
[2026-05-12T11:44:55.877] [TarrifBuilder] [INFO ]  [org.springframework.data.repository.config.RepositoryConfigurationDelegate.registerRepositoriesIn] Finished Spring Data repository scanning in 14 ms. Found 0 JPA repository interfaces.
[2026-05-12T11:44:56.430] [TarrifBuilder] [INFO ]  [org.springframework.boot.tomcat.TomcatWebServer.initialize] Tomcat initialized with port 8090 (http)
[2026-05-12T11:44:56.444] [TarrifBuilder] [INFO ]  [org.apache.coyote.http11.Http11NioProtocol.log] Initializing ProtocolHandler ["http-nio-8090"]
[2026-05-12T11:44:56.445] [TarrifBuilder] [INFO ]  [org.apache.catalina.core.StandardService.log] Starting service [Tomcat]
[2026-05-12T11:44:56.446] [TarrifBuilder] [INFO ]  [org.apache.catalina.core.StandardEngine.log] Starting Servlet engine: [Apache Tomcat/11.0.20]
[2026-05-12T11:44:56.495] [TarrifBuilder] [INFO ]  [org.springframework.boot.web.context.servlet.WebApplicationContextInitializer.prepareWebApplicationContext] Root WebApplicationContext: initialization completed in 1380 ms
[2026-05-12T11:44:56.749] [TarrifBuilder] [INFO ]  [com.zaxxer.hikari.HikariDataSource.getConnection] HikariPool-1 - Starting...
[2026-05-12T11:44:58.689] [TarrifBuilder] [INFO ]  [com.zaxxer.hikari.pool.HikariPool.checkFailFast] HikariPool-1 - Added connection oracle.jdbc.driver.T4CConnection@7911cc15
[2026-05-12T11:44:58.690] [TarrifBuilder] [INFO ]  [com.zaxxer.hikari.HikariDataSource.getConnection] HikariPool-1 - Start completed.
[2026-05-12T11:44:58.717] [TarrifBuilder] [INFO ]  [org.hibernate.orm.jpa.logPersistenceUnitInformation] HHH008540: Processing PersistenceUnitInfo [name: default]
[2026-05-12T11:44:58.770] [TarrifBuilder] [INFO ]  [org.hibernate.orm.core.logVersion] HHH000001: Hibernate ORM core version 7.2.7.Final
[2026-05-12T11:44:59.148] [TarrifBuilder] [INFO ]  [org.springframework.orm.jpa.persistenceunit.SpringPersistenceUnitInfo.addTransformer] No LoadTimeWeaver setup: ignoring JPA class transformer
[2026-05-12T11:44:59.460] [TarrifBuilder] [WARN ]  [org.hibernate.orm.jdbc.logJdbcFetchSize] HHH100123: Low default JDBC fetch size: 10 (consider setting 'hibernate.jdbc.fetch_size')
[2026-05-12T11:44:59.463] [TarrifBuilder] [INFO ]  [org.hibernate.orm.connections.pooling.logConnectionInfo] HHH10001005: Database info:
	Database JDBC URL [jdbc:oracle:thin:@192.168.149.121:1521/ATTTEST]
	Database driver: Oracle JDBC driver
	Database dialect: OracleDialect
	Database version: 19.27
	Default catalog/schema: undefined/IZZI_BSSSDP_QC
	Autocommit mode: undefined/unknown
	Isolation level: READ_COMMITTED [default READ_COMMITTED]
	JDBC fetch size: 10
	Pool: DataSourceConnectionProvider
	Minimum pool size: undefined/unknown
	Maximum pool size: undefined/unknown
[2026-05-12T11:45:00.221] [TarrifBuilder] [INFO ]  [org.hibernate.orm.core.initiateService] HHH000489: No JTA platform available (set 'hibernate.transaction.jta.platform' to enable JTA platform integration)
[2026-05-12T11:45:00.228] [TarrifBuilder] [INFO ]  [org.springframework.orm.jpa.LocalContainerEntityManagerFactoryBean.buildNativeEntityManagerFactory] Initialized JPA EntityManagerFactory for persistence unit 'default'
[2026-05-12T11:45:00.362] [TarrifBuilder] [WARN ]  [org.springframework.boot.jpa.autoconfigure.JpaBaseConfiguration$JpaWebConfiguration.openEntityManagerInViewInterceptor] spring.jpa.open-in-view is enabled by default. Therefore, database queries may be performed during view rendering. Explicitly configure spring.jpa.open-in-view to disable this warning
[2026-05-12T11:45:00.710] [TarrifBuilder] [INFO ]  [org.apache.coyote.http11.Http11NioProtocol.log] Starting ProtocolHandler ["http-nio-8090"]
[2026-05-12T11:45:00.738] [TarrifBuilder] [INFO ]  [org.springframework.boot.tomcat.TomcatWebServer.start] Tomcat started on port 8090 (http) with context path '/'
[2026-05-12T11:45:00.744] [TarrifBuilder] [INFO ]  [com.xius.TariffBuilder.TariffBuilderApplication.logStarted] Started TariffBuilderApplication in 6.069 seconds (process running for 6.914)
[2026-05-12T11:45:00.748] [TarrifBuilder] [INFO ]  [com.xius.TariffBuilder.TariffBuilderApplication.main] TariffBuilderApplication started successfully
[2026-05-12T11:45:07.968] [TarrifBuilder] [INFO ]  [org.apache.catalina.core.ContainerBase.[Tomcat].[localhost].[/].log] Initializing Spring DispatcherServlet 'dispatcherServlet'
[2026-05-12T11:45:07.968] [TarrifBuilder] [INFO ]  [org.springframework.web.servlet.DispatcherServlet.initServletBean] Initializing Servlet 'dispatcherServlet'
[2026-05-12T11:45:07.974] [TarrifBuilder] [INFO ]  [org.springframework.web.servlet.DispatcherServlet.initServletBean] Completed initialization in 6 ms
[2026-05-12T11:45:08.137] [TarrifBuilder] [INFO ]  [com.xius.TariffBuilder.Controller.BuilderController.adminPage] Opening admin page
[2026-05-12T11:45:08.138] [TarrifBuilder] [WARN ]  [com.xius.TariffBuilder.Controller.BuilderController.adminPage] Unauthorized admin page access
[2026-05-12T11:45:26.125] [TarrifBuilder] [INFO ]  [com.xius.TariffBuilder.config.ApiLogger.doFilterInternal] ------------ handleRequest ------------
[2026-05-12T11:45:26.125] [TarrifBuilder] [INFO ]  [com.xius.TariffBuilder.config.ApiLogger.doFilterInternal] POST
[2026-05-12T11:45:26.125] [TarrifBuilder] [INFO ]  [com.xius.TariffBuilder.config.ApiLogger.doFilterInternal] /login
[2026-05-12T11:45:26.125] [TarrifBuilder] [INFO ]  [com.xius.TariffBuilder.config.ApiLogger.doFilterInternal] 10.10.21.49
[2026-05-12T11:45:26.130] [TarrifBuilder] [INFO ]  [com.xius.TariffBuilder.Controller.BuilderController.login] Login request received for user=USER1
[2026-05-12T11:45:26.130] [TarrifBuilder] [INFO ]  [com.xius.TariffBuilder.UserService.UserLoginService.authenticate] Authentication started for loginId=USER1 networkName=MUNDO
[2026-05-12T11:45:26.138] [TarrifBuilder] [INFO ]  [com.xius.TariffBuilder.UserService.UserAuthRepository.getUserPrivileges] Fetching user privileges for loginId=USER1 networkName=MUNDO
[2026-05-12T11:45:26.138] [TarrifBuilder] [INFO ]  [com.zaxxer.hikari.HikariDataSource.getConnection] HikariPool-2 - Starting...
[2026-05-12T11:45:26.376] [TarrifBuilder] [INFO ]  [com.zaxxer.hikari.pool.HikariPool.checkFailFast] HikariPool-2 - Added connection org.postgresql.jdbc.PgConnection@79a21b56
[2026-05-12T11:45:26.376] [TarrifBuilder] [INFO ]  [com.zaxxer.hikari.HikariDataSource.getConnection] HikariPool-2 - Start completed.
[2026-05-12T11:45:26.606] [TarrifBuilder] [INFO ]  [com.xius.TariffBuilder.UserService.UserAuthRepository.getNetworkId] Fetching networkId for networkName=MUNDO
[2026-05-12T11:45:26.623] [TarrifBuilder] [INFO ]  [com.xius.TariffBuilder.UserService.UserLoginService.authenticate] Authentication successful loginId=USER1 networkId=16
[2026-05-12T11:45:26.624] [TarrifBuilder] [INFO ]  [com.xius.TariffBuilder.Controller.BuilderController.login] Login successful user=USER1 networkId=16 privilegesCount=8
[2026-05-12T11:45:26.626] [TarrifBuilder] [INFO ]  [com.xius.TariffBuilder.config.ApiLogger.doFilterInternal] Request Payload networkLoginName=MUNDO&loginId=USER1&password=12345678
[2026-05-12T11:45:26.627] [TarrifBuilder] [INFO ]  [com.xius.TariffBuilder.config.ApiLogger.doFilterInternal] 302
[2026-05-12T11:45:26.627] [TarrifBuilder] [INFO ]  [com.xius.TariffBuilder.config.ApiLogger.doFilterInternal] Execution time 511 ms
[2026-05-12T11:45:26.627] [TarrifBuilder] [INFO ]  [com.xius.TariffBuilder.config.ApiLogger.doFilterInternal] ------------ handleResponse ------------
[2026-05-12T11:45:26.638] [TarrifBuilder] [INFO ]  [com.xius.TariffBuilder.Controller.BuilderController.builderHome] Opening builder home
[2026-05-12T11:45:26.780] [TarrifBuilder] [INFO ]  [com.xius.TariffBuilder.Controller.BuilderController.step1] Opening step1
[2026-05-12T11:45:30.064] [TarrifBuilder] [INFO ]  [com.xius.TariffBuilder.Controller.BuilderController.adminPage] Opening admin page
[2026-05-12T11:45:30.065] [TarrifBuilder] [INFO ]  [com.xius.TariffBuilder.UserService.TariffService.getTariffPackages] Fetching Tariff Package names from JSON
[2026-05-12T11:45:30.110] [TarrifBuilder] [INFO ]  [com.xius.TariffBuilder.Controller.BuilderController.adminPage] Fetching TP list for admin user=USER1 networkId=16
[2026-05-12T11:45:30.110] [TarrifBuilder] [INFO ]  [com.xius.TariffBuilder.Controller.BuilderController.adminPage] TP list response size=4
[2026-05-12T11:45:31.399] [TarrifBuilder] [INFO ]  [com.xius.TariffBuilder.config.ApiLogger.doFilterInternal] ------------ handleRequest ------------
[2026-05-12T11:45:31.401] [TarrifBuilder] [INFO ]  [com.xius.TariffBuilder.config.ApiLogger.doFilterInternal] GET
[2026-05-12T11:45:31.401] [TarrifBuilder] [INFO ]  [com.xius.TariffBuilder.config.ApiLogger.doFilterInternal] /admin/hierarchy/tp_test
[2026-05-12T11:45:31.401] [TarrifBuilder] [INFO ]  [com.xius.TariffBuilder.config.ApiLogger.doFilterInternal] 10.10.21.49
[2026-05-12T11:45:31.403] [TarrifBuilder] [INFO ]  [com.xius.TariffBuilder.UserService.TariffService.getHierarchy] Fetching hierarchy for tpName=tp_test
[2026-05-12T11:45:31.405] [TarrifBuilder] [INFO ]  [com.xius.TariffBuilder.util.JsonStorage.getTpData] Fetching JSON for tp_test
[2026-05-12T11:45:31.437] [TarrifBuilder] [INFO ]  [com.xius.TariffBuilder.config.ApiLogger.doFilterInternal] 200
[2026-05-12T11:45:31.437] [TarrifBuilder] [INFO ]  [com.xius.TariffBuilder.config.ApiLogger.doFilterInternal] Response Payload {"tpName":"tp_test","username":"USER1","networkId":16,"data":{"username":"USER1","isUpdate":true,"submittedOn":"23 Apr 2026","packageType":"PREPAID","tariffPackCategory":"NORMAL","tariffPackageDesc":"tp_test","charge":"4","endDate":"04/21/2026","publicityId":"tester","chargeId":"tp_test_PR","isCorporateYn":true,"tariffPlanId":1743,"tariffPlanName":"MI MUNDO S_V","selectedSvcs_s2":"[\"VOICE\"]","selectedSvcs_s3":"[\"VOICE\"]","selectedSvcs_s4":"[\"VOICE\",\"SMS\",\"DATA\"]","defaultAtps":[],"allowedAtps":[{"servicePackageId":1765,"chargeId":"tp_test_PR","packageName":"DYNAMIC_DATP","validity":"Monthly","midnightExpiry":"No","renewal":"No","rental":0,"maxCount":0,"freeCycles":"0"}]}}
[2026-05-12T11:45:31.437] [TarrifBuilder] [INFO ]  [com.xius.TariffBuilder.config.ApiLogger.doFilterInternal] Execution time 38 ms
[2026-05-12T11:45:31.437] [TarrifBuilder] [INFO ]  [com.xius.TariffBuilder.config.ApiLogger.doFilterInternal] ------------ handleResponse ------------
[2026-05-12T11:45:38.108] [TarrifBuilder] [INFO ]  [com.xius.TariffBuilder.config.ApiLogger.doFilterInternal] ------------ handleRequest ------------
[2026-05-12T11:45:38.108] [TarrifBuilder] [INFO ]  [com.xius.TariffBuilder.config.ApiLogger.doFilterInternal] POST
[2026-05-12T11:45:38.108] [TarrifBuilder] [INFO ]  [com.xius.TariffBuilder.config.ApiLogger.doFilterInternal] /approve/tp_test
[2026-05-12T11:45:38.109] [TarrifBuilder] [INFO ]  [com.xius.TariffBuilder.config.ApiLogger.doFilterInternal] 10.10.21.49
[2026-05-12T11:45:38.129] [TarrifBuilder] [INFO ]  [com.xius.TariffBuilder.UserService.TariffApprovalService.approve] Approve request received tpName=tp_test
[2026-05-12T11:45:38.129] [TarrifBuilder] [INFO ]  [com.xius.TariffBuilder.util.JsonStorage.getTpData] Fetching JSON for tp_test
[2026-05-12T11:45:38.131] [TarrifBuilder] [INFO ]  [com.xius.TariffBuilder.UserService.TariffApprovalService.approve] Approve request payload tpName=tp_test networkId=16 username=USER1
[2026-05-12T11:45:38.208] [TarrifBuilder] [ERROR]  [com.xius.TariffBuilder.UserService.TariffApprovalService.approve] Tariff creation failed tpName=tp_test error=Default ATP is required
java.lang.RuntimeException: Default ATP is required
	at com.xius.TariffBuilder.UserService.TariffApprovalService.approve(TariffApprovalService.java:573)
	at java.base/jdk.internal.reflect.DirectMethodHandleAccessor.invoke(DirectMethodHandleAccessor.java:103)
	at java.base/java.lang.reflect.Method.invoke(Method.java:580)
	at org.springframework.aop.support.AopUtils.invokeJoinpointUsingReflection(AopUtils.java:359)
	at org.springframework.aop.framework.ReflectiveMethodInvocation.invokeJoinpoint(ReflectiveMethodInvocation.java:190)
	at org.springframework.aop.framework.ReflectiveMethodInvocation.proceed(ReflectiveMethodInvocation.java:158)
	at org.springframework.transaction.interceptor.TransactionInterceptor$1.proceedWithInvocation(TransactionInterceptor.java:133)
	at org.springframework.transaction.interceptor.TransactionAspectSupport.invokeWithinTransaction(TransactionAspectSupport.java:371)
	at org.springframework.transaction.interceptor.TransactionInterceptor.invoke(TransactionInterceptor.java:130)
	at org.springframework.aop.framework.ReflectiveMethodInvocation.proceed(ReflectiveMethodInvocation.java:179)
	at org.springframework.aop.framework.CglibAopProxy$DynamicAdvisedInterceptor.intercept(CglibAopProxy.java:719)
	at com.xius.TariffBuilder.UserService.TariffApprovalService$$SpringCGLIB$$0.approve(<generated>)
	at com.xius.TariffBuilder.Controller.BuilderController.approve(BuilderController.java:439)
	at java.base/jdk.internal.reflect.DirectMethodHandleAccessor.invoke(DirectMethodHandleAccessor.java:103)
	at java.base/java.lang.reflect.Method.invoke(Method.java:580)
	at org.springframework.web.method.support.InvocableHandlerMethod.doInvoke(InvocableHandlerMethod.java:252)
	at org.springframework.web.method.support.InvocableHandlerMethod.invokeForRequest(InvocableHandlerMethod.java:184)
	at org.springframework.web.servlet.mvc.method.annotation.ServletInvocableHandlerMethod.invokeAndHandle(ServletInvocableHandlerMethod.java:117)
	at org.springframework.web.servlet.mvc.method.annotation.RequestMappingHandlerAdapter.invokeHandlerMethod(RequestMappingHandlerAdapter.java:934)
	at org.springframework.web.servlet.mvc.method.annotation.RequestMappingHandlerAdapter.handleInternal(RequestMappingHandlerAdapter.java:853)
	at org.springframework.web.servlet.mvc.method.AbstractHandlerMethodAdapter.handle(AbstractHandlerMethodAdapter.java:86)
	at org.springframework.web.servlet.DispatcherServlet.doDispatch(DispatcherServlet.java:963)
	at org.springframework.web.servlet.DispatcherServlet.doService(DispatcherServlet.java:866)
	at org.springframework.web.servlet.FrameworkServlet.processRequest(FrameworkServlet.java:1000)
	at org.springframework.web.servlet.FrameworkServlet.doPost(FrameworkServlet.java:903)
	at jakarta.servlet.http.HttpServlet.service(HttpServlet.java:649)
	at org.springframework.web.servlet.FrameworkServlet.service(FrameworkServlet.java:874)
	at jakarta.servlet.http.HttpServlet.service(HttpServlet.java:710)
	at org.apache.catalina.core.ApplicationFilterChain.doFilter(ApplicationFilterChain.java:128)
	at org.apache.tomcat.websocket.server.WsFilter.doFilter(WsFilter.java:53)
	at org.apache.catalina.core.ApplicationFilterChain.doFilter(ApplicationFilterChain.java:107)
	at com.xius.TariffBuilder.config.ApiLogger.doFilterInternal(ApiLogger.java:61)
	at org.springframework.web.filter.OncePerRequestFilter.doFilter(OncePerRequestFilter.java:116)
	at org.apache.catalina.core.ApplicationFilterChain.doFilter(ApplicationFilterChain.java:107)
	at org.springframework.web.filter.RequestContextFilter.doFilterInternal(RequestContextFilter.java:100)
	at org.springframework.web.filter.OncePerRequestFilter.doFilter(OncePerRequestFilter.java:116)
	at org.apache.catalina.core.ApplicationFilterChain.doFilter(ApplicationFilterChain.java:107)
	at org.springframework.web.filter.FormContentFilter.doFilterInternal(FormContentFilter.java:93)
	at org.springframework.web.filter.OncePerRequestFilter.doFilter(OncePerRequestFilter.java:116)
	at org.apache.catalina.core.ApplicationFilterChain.doFilter(ApplicationFilterChain.java:107)
	at org.springframework.web.filter.CharacterEncodingFilter.doFilterInternal(CharacterEncodingFilter.java:199)
	at org.springframework.web.filter.OncePerRequestFilter.doFilter(OncePerRequestFilter.java:116)
	at org.apache.catalina.core.ApplicationFilterChain.doFilter(ApplicationFilterChain.java:107)
	at org.apache.catalina.core.StandardWrapperValve.invoke(StandardWrapperValve.java:165)
	at org.apache.catalina.core.StandardContextValve.invoke(StandardContextValve.java:77)
	at org.apache.catalina.authenticator.AuthenticatorBase.invoke(AuthenticatorBase.java:492)
	at org.apache.catalina.core.StandardHostValve.invoke(StandardHostValve.java:113)
	at org.apache.catalina.valves.ErrorReportValve.invoke(ErrorReportValve.java:83)
	at org.apache.catalina.core.StandardEngineValve.invoke(StandardEngineValve.java:72)
	at org.apache.catalina.connector.CoyoteAdapter.service(CoyoteAdapter.java:341)
	at org.apache.coyote.http11.Http11Processor.service(Http11Processor.java:397)
	at org.apache.coyote.AbstractProcessorLight.process(AbstractProcessorLight.java:63)
	at org.apache.coyote.AbstractProtocol$ConnectionHandler.process(AbstractProtocol.java:903)
	at org.apache.tomcat.util.net.NioEndpoint$SocketProcessor.doRun(NioEndpoint.java:1779)
	at org.apache.tomcat.util.net.SocketProcessorBase.run(SocketProcessorBase.java:52)
	at org.apache.tomcat.util.threads.ThreadPoolExecutor.runWorker(ThreadPoolExecutor.java:946)
	at org.apache.tomcat.util.threads.ThreadPoolExecutor$Worker.run(ThreadPoolExecutor.java:480)
	at org.apache.tomcat.util.threads.TaskThread$WrappingRunnable.run(TaskThread.java:57)
	at java.base/java.lang.Thread.run(Thread.java:1583)
[2026-05-12T11:45:38.223] [TarrifBuilder] [INFO ]  [com.xius.TariffBuilder.config.ApiLogger.doFilterInternal] 200
[2026-05-12T11:45:38.223] [TarrifBuilder] [INFO ]  [com.xius.TariffBuilder.config.ApiLogger.doFilterInternal] Execution time 115 ms
[2026-05-12T11:45:38.223] [TarrifBuilder] [INFO ]  [com.xius.TariffBuilder.config.ApiLogger.doFilterInternal] ------------ handleResponse ------------
[2026-05-12T11:45:38.223] [TarrifBuilder] [ERROR]  [org.apache.catalina.core.ContainerBase.[Tomcat].[localhost].[/].[dispatcherServlet].log] Servlet.service() for servlet [dispatcherServlet] in context with path [] threw exception [Request processing failed: java.lang.RuntimeException: Default ATP is required] with root cause
java.lang.RuntimeException: Default ATP is required
	at com.xius.TariffBuilder.UserService.TariffApprovalService.approve(TariffApprovalService.java:573)
	at java.base/jdk.internal.reflect.DirectMethodHandleAccessor.invoke(DirectMethodHandleAccessor.java:103)
	at java.base/java.lang.reflect.Method.invoke(Method.java:580)
	at org.springframework.aop.support.AopUtils.invokeJoinpointUsingReflection(AopUtils.java:359)
	at org.springframework.aop.framework.ReflectiveMethodInvocation.invokeJoinpoint(ReflectiveMethodInvocation.java:190)
	at org.springframework.aop.framework.ReflectiveMethodInvocation.proceed(ReflectiveMethodInvocation.java:158)
	at org.springframework.transaction.interceptor.TransactionInterceptor$1.proceedWithInvocation(TransactionInterceptor.java:133)
	at org.springframework.transaction.interceptor.TransactionAspectSupport.invokeWithinTransaction(TransactionAspectSupport.java:371)
	at org.springframework.transaction.interceptor.TransactionInterceptor.invoke(TransactionInterceptor.java:130)
	at org.springframework.aop.framework.ReflectiveMethodInvocation.proceed(ReflectiveMethodInvocation.java:179)
	at org.springframework.aop.framework.CglibAopProxy$DynamicAdvisedInterceptor.intercept(CglibAopProxy.java:719)
	at com.xius.TariffBuilder.UserService.TariffApprovalService$$SpringCGLIB$$0.approve(<generated>)
	at com.xius.TariffBuilder.Controller.BuilderController.approve(BuilderController.java:439)
	at java.base/jdk.internal.reflect.DirectMethodHandleAccessor.invoke(DirectMethodHandleAccessor.java:103)
	at java.base/java.lang.reflect.Method.invoke(Method.java:580)
	at org.springframework.web.method.support.InvocableHandlerMethod.doInvoke(InvocableHandlerMethod.java:252)
	at org.springframework.web.method.support.InvocableHandlerMethod.invokeForRequest(InvocableHandlerMethod.java:184)
	at org.springframework.web.servlet.mvc.method.annotation.ServletInvocableHandlerMethod.invokeAndHandle(ServletInvocableHandlerMethod.java:117)
	at org.springframework.web.servlet.mvc.method.annotation.RequestMappingHandlerAdapter.invokeHandlerMethod(RequestMappingHandlerAdapter.java:934)
	at org.springframework.web.servlet.mvc.method.annotation.RequestMappingHandlerAdapter.handleInternal(RequestMappingHandlerAdapter.java:853)
	at org.springframework.web.servlet.mvc.method.AbstractHandlerMethodAdapter.handle(AbstractHandlerMethodAdapter.java:86)
	at org.springframework.web.servlet.DispatcherServlet.doDispatch(DispatcherServlet.java:963)
	at org.springframework.web.servlet.DispatcherServlet.doService(DispatcherServlet.java:866)
	at org.springframework.web.servlet.FrameworkServlet.processRequest(FrameworkServlet.java:1000)
	at org.springframework.web.servlet.FrameworkServlet.doPost(FrameworkServlet.java:903)
	at jakarta.servlet.http.HttpServlet.service(HttpServlet.java:649)
	at org.springframework.web.servlet.FrameworkServlet.service(FrameworkServlet.java:874)
	at jakarta.servlet.http.HttpServlet.service(HttpServlet.java:710)
	at org.apache.catalina.core.ApplicationFilterChain.doFilter(ApplicationFilterChain.java:128)
	at org.apache.tomcat.websocket.server.WsFilter.doFilter(WsFilter.java:53)
	at org.apache.catalina.core.ApplicationFilterChain.doFilter(ApplicationFilterChain.java:107)
	at com.xius.TariffBuilder.config.ApiLogger.doFilterInternal(ApiLogger.java:61)
	at org.springframework.web.filter.OncePerRequestFilter.doFilter(OncePerRequestFilter.java:116)
	at org.apache.catalina.core.ApplicationFilterChain.doFilter(ApplicationFilterChain.java:107)
	at org.springframework.web.filter.RequestContextFilter.doFilterInternal(RequestContextFilter.java:100)
	at org.springframework.web.filter.OncePerRequestFilter.doFilter(OncePerRequestFilter.java:116)
	at org.apache.catalina.core.ApplicationFilterChain.doFilter(ApplicationFilterChain.java:107)
	at org.springframework.web.filter.FormContentFilter.doFilterInternal(FormContentFilter.java:93)
	at org.springframework.web.filter.OncePerRequestFilter.doFilter(OncePerRequestFilter.java:116)
	at org.apache.catalina.core.ApplicationFilterChain.doFilter(ApplicationFilterChain.java:107)
	at org.springframework.web.filter.CharacterEncodingFilter.doFilterInternal(CharacterEncodingFilter.java:199)
	at org.springframework.web.filter.OncePerRequestFilter.doFilter(OncePerRequestFilter.java:116)
	at org.apache.catalina.core.ApplicationFilterChain.doFilter(ApplicationFilterChain.java:107)
	at org.apache.catalina.core.StandardWrapperValve.invoke(StandardWrapperValve.java:165)
	at org.apache.catalina.core.StandardContextValve.invoke(StandardContextValve.java:77)
	at org.apache.catalina.authenticator.AuthenticatorBase.invoke(AuthenticatorBase.java:492)
	at org.apache.catalina.core.StandardHostValve.invoke(StandardHostValve.java:113)
	at org.apache.catalina.valves.ErrorReportValve.invoke(ErrorReportValve.java:83)
	at org.apache.catalina.core.StandardEngineValve.invoke(StandardEngineValve.java:72)
	at org.apache.catalina.connector.CoyoteAdapter.service(CoyoteAdapter.java:341)
	at org.apache.coyote.http11.Http11Processor.service(Http11Processor.java:397)
	at org.apache.coyote.AbstractProcessorLight.process(AbstractProcessorLight.java:63)
	at org.apache.coyote.AbstractProtocol$ConnectionHandler.process(AbstractProtocol.java:903)
	at org.apache.tomcat.util.net.NioEndpoint$SocketProcessor.doRun(NioEndpoint.java:1779)
	at org.apache.tomcat.util.net.SocketProcessorBase.run(SocketProcessorBase.java:52)
	at org.apache.tomcat.util.threads.ThreadPoolExecutor.runWorker(ThreadPoolExecutor.java:946)
	at org.apache.tomcat.util.threads.ThreadPoolExecutor$Worker.run(ThreadPoolExecutor.java:480)
	at org.apache.tomcat.util.threads.TaskThread$WrappingRunnable.run(TaskThread.java:57)
	at java.base/java.lang.Thread.run(Thread.java:1583)
[2026-05-12T12:23:05.754] [TarrifBuilder] [INFO ]  [com.xius.TariffBuilder.TariffBuilderApplication.main] Starting TariffBuilderApplication...
[2026-05-12T12:23:06.271] [TarrifBuilder] [INFO ]  [com.xius.TariffBuilder.TariffBuilderApplication.logStarting] Starting TariffBuilderApplication using Java 21.0.9 with PID 33820 (D:\XIUS\TariffBuilder\target\classes started by muralikrishna.jami in D:\XIUS\TariffBuilder)
[2026-05-12T12:23:06.276] [TarrifBuilder] [INFO ]  [com.xius.TariffBuilder.TariffBuilderApplication.logStartupProfileInfo] No active profile set, falling back to 1 default profile: "default"
[2026-05-12T12:23:06.647] [TarrifBuilder] [INFO ]  [org.hibernate.validator.internal.util.Version.<clinit>] HV000001: Hibernate Validator 9.0.1.Final
[2026-05-12T12:23:07.373] [TarrifBuilder] [INFO ]  [org.springframework.data.repository.config.RepositoryConfigurationDelegate.registerRepositoriesIn] Bootstrapping Spring Data JPA repositories in DEFAULT mode.
[2026-05-12T12:23:07.397] [TarrifBuilder] [INFO ]  [org.springframework.data.repository.config.RepositoryConfigurationDelegate.registerRepositoriesIn] Finished Spring Data repository scanning in 15 ms. Found 0 JPA repository interfaces.
[2026-05-12T12:23:07.973] [TarrifBuilder] [INFO ]  [org.springframework.boot.tomcat.TomcatWebServer.initialize] Tomcat initialized with port 8090 (http)
[2026-05-12T12:23:07.986] [TarrifBuilder] [INFO ]  [org.apache.coyote.http11.Http11NioProtocol.log] Initializing ProtocolHandler ["http-nio-8090"]
[2026-05-12T12:23:07.987] [TarrifBuilder] [INFO ]  [org.apache.catalina.core.StandardService.log] Starting service [Tomcat]
[2026-05-12T12:23:07.988] [TarrifBuilder] [INFO ]  [org.apache.catalina.core.StandardEngine.log] Starting Servlet engine: [Apache Tomcat/11.0.20]
[2026-05-12T12:23:08.040] [TarrifBuilder] [INFO ]  [org.springframework.boot.web.context.servlet.WebApplicationContextInitializer.prepareWebApplicationContext] Root WebApplicationContext: initialization completed in 1680 ms
[2026-05-12T12:23:08.430] [TarrifBuilder] [INFO ]  [com.zaxxer.hikari.HikariDataSource.getConnection] HikariPool-1 - Starting...
[2026-05-12T12:23:09.737] [TarrifBuilder] [INFO ]  [com.zaxxer.hikari.pool.HikariPool.checkFailFast] HikariPool-1 - Added connection oracle.jdbc.driver.T4CConnection@33e3bd2e
[2026-05-12T12:23:09.739] [TarrifBuilder] [INFO ]  [com.zaxxer.hikari.HikariDataSource.getConnection] HikariPool-1 - Start completed.
[2026-05-12T12:23:09.764] [TarrifBuilder] [INFO ]  [org.hibernate.orm.jpa.logPersistenceUnitInformation] HHH008540: Processing PersistenceUnitInfo [name: default]
[2026-05-12T12:23:09.828] [TarrifBuilder] [INFO ]  [org.hibernate.orm.core.logVersion] HHH000001: Hibernate ORM core version 7.2.7.Final
[2026-05-12T12:23:10.289] [TarrifBuilder] [INFO ]  [org.springframework.orm.jpa.persistenceunit.SpringPersistenceUnitInfo.addTransformer] No LoadTimeWeaver setup: ignoring JPA class transformer
[2026-05-12T12:23:11.156] [TarrifBuilder] [WARN ]  [org.hibernate.orm.jdbc.logJdbcFetchSize] HHH100123: Low default JDBC fetch size: 10 (consider setting 'hibernate.jdbc.fetch_size')
[2026-05-12T12:23:11.161] [TarrifBuilder] [INFO ]  [org.hibernate.orm.connections.pooling.logConnectionInfo] HHH10001005: Database info:
	Database JDBC URL [jdbc:oracle:thin:@192.168.149.121:1521/ATTTEST]
	Database driver: Oracle JDBC driver
	Database dialect: OracleDialect
	Database version: 19.27
	Default catalog/schema: undefined/IZZI_BSSSDP_QC
	Autocommit mode: undefined/unknown
	Isolation level: READ_COMMITTED [default READ_COMMITTED]
	JDBC fetch size: 10
	Pool: DataSourceConnectionProvider
	Minimum pool size: undefined/unknown
	Maximum pool size: undefined/unknown
[2026-05-12T12:23:12.049] [TarrifBuilder] [INFO ]  [org.hibernate.orm.core.initiateService] HHH000489: No JTA platform available (set 'hibernate.transaction.jta.platform' to enable JTA platform integration)
[2026-05-12T12:23:12.058] [TarrifBuilder] [INFO ]  [org.springframework.orm.jpa.LocalContainerEntityManagerFactoryBean.buildNativeEntityManagerFactory] Initialized JPA EntityManagerFactory for persistence unit 'default'
[2026-05-12T12:23:12.228] [TarrifBuilder] [WARN ]  [org.springframework.boot.jpa.autoconfigure.JpaBaseConfiguration$JpaWebConfiguration.openEntityManagerInViewInterceptor] spring.jpa.open-in-view is enabled by default. Therefore, database queries may be performed during view rendering. Explicitly configure spring.jpa.open-in-view to disable this warning
[2026-05-12T12:23:12.625] [TarrifBuilder] [INFO ]  [org.apache.coyote.http11.Http11NioProtocol.log] Starting ProtocolHandler ["http-nio-8090"]
[2026-05-12T12:23:12.655] [TarrifBuilder] [INFO ]  [org.springframework.boot.tomcat.TomcatWebServer.start] Tomcat started on port 8090 (http) with context path '/'
[2026-05-12T12:23:12.661] [TarrifBuilder] [INFO ]  [com.xius.TariffBuilder.TariffBuilderApplication.logStarted] Started TariffBuilderApplication in 6.83 seconds (process running for 7.634)
[2026-05-12T12:23:12.665] [TarrifBuilder] [INFO ]  [com.xius.TariffBuilder.TariffBuilderApplication.main] TariffBuilderApplication started successfully
[2026-05-12T12:23:20.546] [TarrifBuilder] [INFO ]  [org.apache.catalina.core.ContainerBase.[Tomcat].[localhost].[/].log] Initializing Spring DispatcherServlet 'dispatcherServlet'
[2026-05-12T12:23:20.546] [TarrifBuilder] [INFO ]  [org.springframework.web.servlet.DispatcherServlet.initServletBean] Initializing Servlet 'dispatcherServlet'
[2026-05-12T12:23:20.551] [TarrifBuilder] [INFO ]  [org.springframework.web.servlet.DispatcherServlet.initServletBean] Completed initialization in 5 ms
[2026-05-12T12:23:20.681] [TarrifBuilder] [INFO ]  [com.xius.TariffBuilder.Controller.BuilderController.adminPage] Opening admin page
[2026-05-12T12:23:20.682] [TarrifBuilder] [WARN ]  [com.xius.TariffBuilder.Controller.BuilderController.adminPage] Unauthorized admin page access
[2026-05-12T12:23:35.688] [TarrifBuilder] [INFO ]  [com.xius.TariffBuilder.config.ApiLogger.doFilterInternal] ------------ handleRequest ------------
[2026-05-12T12:23:35.690] [TarrifBuilder] [INFO ]  [com.xius.TariffBuilder.config.ApiLogger.doFilterInternal] POST
[2026-05-12T12:23:35.690] [TarrifBuilder] [INFO ]  [com.xius.TariffBuilder.config.ApiLogger.doFilterInternal] /login
[2026-05-12T12:23:35.690] [TarrifBuilder] [INFO ]  [com.xius.TariffBuilder.config.ApiLogger.doFilterInternal] 10.10.21.49
[2026-05-12T12:23:35.706] [TarrifBuilder] [INFO ]  [com.xius.TariffBuilder.Controller.BuilderController.login] Login request received for user=USER1
[2026-05-12T12:23:35.706] [TarrifBuilder] [INFO ]  [com.xius.TariffBuilder.UserService.UserLoginService.authenticate] Authentication started for loginId=USER1 networkName=MUNDO
[2026-05-12T12:23:35.708] [TarrifBuilder] [INFO ]  [com.xius.TariffBuilder.UserService.UserAuthRepository.getUserPrivileges] Fetching user privileges for loginId=USER1 networkName=MUNDO
[2026-05-12T12:23:35.708] [TarrifBuilder] [INFO ]  [com.zaxxer.hikari.HikariDataSource.getConnection] HikariPool-2 - Starting...
[2026-05-12T12:23:36.694] [TarrifBuilder] [INFO ]  [com.zaxxer.hikari.pool.HikariPool.checkFailFast] HikariPool-2 - Added connection org.postgresql.jdbc.PgConnection@5d458be3
[2026-05-12T12:23:36.695] [TarrifBuilder] [INFO ]  [com.zaxxer.hikari.HikariDataSource.getConnection] HikariPool-2 - Start completed.
[2026-05-12T12:23:37.056] [TarrifBuilder] [INFO ]  [com.xius.TariffBuilder.UserService.UserAuthRepository.getNetworkId] Fetching networkId for networkName=MUNDO
[2026-05-12T12:23:37.149] [TarrifBuilder] [INFO ]  [com.xius.TariffBuilder.UserService.UserLoginService.authenticate] Authentication successful loginId=USER1 networkId=16
[2026-05-12T12:23:37.154] [TarrifBuilder] [INFO ]  [com.xius.TariffBuilder.Controller.BuilderController.login] Login successful user=USER1 networkId=16 privilegesCount=8
[2026-05-12T12:23:37.159] [TarrifBuilder] [INFO ]  [com.xius.TariffBuilder.config.ApiLogger.doFilterInternal] Request Payload networkLoginName=MUNDO&loginId=USER1&password=12345678
[2026-05-12T12:23:37.160] [TarrifBuilder] [INFO ]  [com.xius.TariffBuilder.config.ApiLogger.doFilterInternal] 302
[2026-05-12T12:23:37.160] [TarrifBuilder] [INFO ]  [com.xius.TariffBuilder.config.ApiLogger.doFilterInternal] Execution time 1485 ms
[2026-05-12T12:23:37.161] [TarrifBuilder] [INFO ]  [com.xius.TariffBuilder.config.ApiLogger.doFilterInternal] ------------ handleResponse ------------
[2026-05-12T12:23:37.174] [TarrifBuilder] [INFO ]  [com.xius.TariffBuilder.Controller.BuilderController.builderHome] Opening builder home
[2026-05-12T12:23:37.350] [TarrifBuilder] [INFO ]  [com.xius.TariffBuilder.Controller.BuilderController.step1] Opening step1
[2026-05-12T12:23:40.100] [TarrifBuilder] [INFO ]  [com.xius.TariffBuilder.Controller.BuilderController.adminPage] Opening admin page
[2026-05-12T12:23:40.100] [TarrifBuilder] [INFO ]  [com.xius.TariffBuilder.UserService.TariffService.getTariffPackages] Fetching Tariff Package names from JSON
[2026-05-12T12:23:40.138] [TarrifBuilder] [INFO ]  [com.xius.TariffBuilder.Controller.BuilderController.adminPage] Fetching TP list for admin user=USER1 networkId=16
[2026-05-12T12:23:40.138] [TarrifBuilder] [INFO ]  [com.xius.TariffBuilder.Controller.BuilderController.adminPage] TP list response size=4
[2026-05-12T12:23:41.768] [TarrifBuilder] [INFO ]  [com.xius.TariffBuilder.config.ApiLogger.doFilterInternal] ------------ handleRequest ------------
[2026-05-12T12:23:41.768] [TarrifBuilder] [INFO ]  [com.xius.TariffBuilder.config.ApiLogger.doFilterInternal] GET
[2026-05-12T12:23:41.769] [TarrifBuilder] [INFO ]  [com.xius.TariffBuilder.config.ApiLogger.doFilterInternal] /admin/hierarchy/tp_test
[2026-05-12T12:23:41.769] [TarrifBuilder] [INFO ]  [com.xius.TariffBuilder.config.ApiLogger.doFilterInternal] 10.10.21.49
[2026-05-12T12:23:41.770] [TarrifBuilder] [INFO ]  [com.xius.TariffBuilder.UserService.TariffService.getHierarchy] Fetching hierarchy for tpName=tp_test
[2026-05-12T12:23:41.770] [TarrifBuilder] [INFO ]  [com.xius.TariffBuilder.util.JsonStorage.getTpData] Fetching JSON for tp_test
[2026-05-12T12:23:41.800] [TarrifBuilder] [INFO ]  [com.xius.TariffBuilder.config.ApiLogger.doFilterInternal] 200
[2026-05-12T12:23:41.800] [TarrifBuilder] [INFO ]  [com.xius.TariffBuilder.config.ApiLogger.doFilterInternal] Response Payload {"tpName":"tp_test","username":"USER1","networkId":16,"data":{"username":"USER1","isUpdate":true,"submittedOn":"23 Apr 2026","packageType":"PREPAID","tariffPackCategory":"NORMAL","tariffPackageDesc":"tp_test","charge":"4","endDate":"04/21/2026","publicityId":"tester","chargeId":"tp_test_PR","isCorporateYn":true,"tariffPlanId":1743,"tariffPlanName":"MI MUNDO S_V","selectedSvcs_s2":"[\"VOICE\"]","selectedSvcs_s3":"[\"VOICE\"]","selectedSvcs_s4":"[\"VOICE\",\"SMS\",\"DATA\"]","defaultAtps":[],"allowedAtps":[{"servicePackageId":1765,"chargeId":"tp_test_PR","packageName":"DYNAMIC_DATP","validity":"Monthly","midnightExpiry":"No","renewal":"No","rental":0,"maxCount":0,"freeCycles":"0"}]}}
[2026-05-12T12:23:41.800] [TarrifBuilder] [INFO ]  [com.xius.TariffBuilder.config.ApiLogger.doFilterInternal] Execution time 32 ms
[2026-05-12T12:23:41.800] [TarrifBuilder] [INFO ]  [com.xius.TariffBuilder.config.ApiLogger.doFilterInternal] ------------ handleResponse ------------
[2026-05-12T12:23:49.300] [TarrifBuilder] [INFO ]  [com.xius.TariffBuilder.config.ApiLogger.doFilterInternal] ------------ handleRequest ------------
[2026-05-12T12:23:49.301] [TarrifBuilder] [INFO ]  [com.xius.TariffBuilder.config.ApiLogger.doFilterInternal] GET
[2026-05-12T12:23:49.301] [TarrifBuilder] [INFO ]  [com.xius.TariffBuilder.config.ApiLogger.doFilterInternal] /admin/hierarchy/Test_today
[2026-05-12T12:23:49.301] [TarrifBuilder] [INFO ]  [com.xius.TariffBuilder.config.ApiLogger.doFilterInternal] 10.10.21.49
[2026-05-12T12:23:49.301] [TarrifBuilder] [INFO ]  [com.xius.TariffBuilder.UserService.TariffService.getHierarchy] Fetching hierarchy for tpName=Test_today
[2026-05-12T12:23:49.301] [TarrifBuilder] [INFO ]  [com.xius.TariffBuilder.util.JsonStorage.getTpData] Fetching JSON for Test_today
[2026-05-12T12:23:49.301] [TarrifBuilder] [INFO ]  [com.xius.TariffBuilder.config.ApiLogger.doFilterInternal] 200
[2026-05-12T12:23:49.301] [TarrifBuilder] [INFO ]  [com.xius.TariffBuilder.config.ApiLogger.doFilterInternal] Response Payload {"tpName":"Test_today","username":"USER1","networkId":16,"data":{"username":"USER1","isUpdate":false,"submittedOn":"06 May 2026","packageType":"PREPAID","tariffPackCategory":"COMMERCIAL","tariffPackageDesc":"Test_today","charge":"0","endDate":"04/04/2027","publicityId":"testD","chargeId":"Test_today_PR","isCorporateYn":false,"tariffPlanId":1743,"tariffPlanName":"MI MUNDO S_V","selectedSvcs_s2":"[\"VOICE\"]","selectedSvcs_s3":"[\"VOICE\"]","selectedSvcs_s4":"[]","defaultAtps":[],"allowedAtps":[]}}
[2026-05-12T12:23:49.301] [TarrifBuilder] [INFO ]  [com.xius.TariffBuilder.config.ApiLogger.doFilterInternal] Execution time 2 ms
[2026-05-12T12:23:49.301] [TarrifBuilder] [INFO ]  [com.xius.TariffBuilder.config.ApiLogger.doFilterInternal] ------------ handleResponse ------------
[2026-05-12T12:23:51.187] [TarrifBuilder] [INFO ]  [com.xius.TariffBuilder.config.ApiLogger.doFilterInternal] ------------ handleRequest ------------
[2026-05-12T12:23:51.187] [TarrifBuilder] [INFO ]  [com.xius.TariffBuilder.config.ApiLogger.doFilterInternal] GET
[2026-05-12T12:23:51.187] [TarrifBuilder] [INFO ]  [com.xius.TariffBuilder.config.ApiLogger.doFilterInternal] /admin/hierarchy/tp_test
[2026-05-12T12:23:51.187] [TarrifBuilder] [INFO ]  [com.xius.TariffBuilder.config.ApiLogger.doFilterInternal] 10.10.21.49
[2026-05-12T12:23:51.187] [TarrifBuilder] [INFO ]  [com.xius.TariffBuilder.UserService.TariffService.getHierarchy] Fetching hierarchy for tpName=tp_test
[2026-05-12T12:23:51.187] [TarrifBuilder] [INFO ]  [com.xius.TariffBuilder.util.JsonStorage.getTpData] Fetching JSON for tp_test
[2026-05-12T12:23:51.191] [TarrifBuilder] [INFO ]  [com.xius.TariffBuilder.config.ApiLogger.doFilterInternal] 200
[2026-05-12T12:23:51.191] [TarrifBuilder] [INFO ]  [com.xius.TariffBuilder.config.ApiLogger.doFilterInternal] Response Payload {"tpName":"tp_test","username":"USER1","networkId":16,"data":{"username":"USER1","isUpdate":true,"submittedOn":"23 Apr 2026","packageType":"PREPAID","tariffPackCategory":"NORMAL","tariffPackageDesc":"tp_test","charge":"4","endDate":"04/21/2026","publicityId":"tester","chargeId":"tp_test_PR","isCorporateYn":true,"tariffPlanId":1743,"tariffPlanName":"MI MUNDO S_V","selectedSvcs_s2":"[\"VOICE\"]","selectedSvcs_s3":"[\"VOICE\"]","selectedSvcs_s4":"[\"VOICE\",\"SMS\",\"DATA\"]","defaultAtps":[],"allowedAtps":[{"servicePackageId":1765,"chargeId":"tp_test_PR","packageName":"DYNAMIC_DATP","validity":"Monthly","midnightExpiry":"No","renewal":"No","rental":0,"maxCount":0,"freeCycles":"0"}]}}
[2026-05-12T12:23:51.191] [TarrifBuilder] [INFO ]  [com.xius.TariffBuilder.config.ApiLogger.doFilterInternal] Execution time 4 ms
[2026-05-12T12:23:51.191] [TarrifBuilder] [INFO ]  [com.xius.TariffBuilder.config.ApiLogger.doFilterInternal] ------------ handleResponse ------------
[2026-05-12T12:23:52.362] [TarrifBuilder] [INFO ]  [com.xius.TariffBuilder.config.ApiLogger.doFilterInternal] ------------ handleRequest ------------
[2026-05-12T12:23:52.362] [TarrifBuilder] [INFO ]  [com.xius.TariffBuilder.config.ApiLogger.doFilterInternal] GET
[2026-05-12T12:23:52.362] [TarrifBuilder] [INFO ]  [com.xius.TariffBuilder.config.ApiLogger.doFilterInternal] /admin/hierarchy/xiiiii
[2026-05-12T12:23:52.362] [TarrifBuilder] [INFO ]  [com.xius.TariffBuilder.config.ApiLogger.doFilterInternal] 10.10.21.49
[2026-05-12T12:23:52.362] [TarrifBuilder] [INFO ]  [com.xius.TariffBuilder.UserService.TariffService.getHierarchy] Fetching hierarchy for tpName=xiiiii
[2026-05-12T12:23:52.362] [TarrifBuilder] [INFO ]  [com.xius.TariffBuilder.util.JsonStorage.getTpData] Fetching JSON for xiiiii
[2026-05-12T12:23:52.368] [TarrifBuilder] [INFO ]  [com.xius.TariffBuilder.config.ApiLogger.doFilterInternal] 200
[2026-05-12T12:23:52.368] [TarrifBuilder] [INFO ]  [com.xius.TariffBuilder.config.ApiLogger.doFilterInternal] Response Payload {"tpName":"xiiiii","username":"USER1","networkId":16,"data":{"username":"USER1","isUpdate":true,"submittedOn":"23 Apr 2026","packageType":"POSTPAID","tariffPackCategory":"COMMERCIAL","tariffPackageDesc":"xiiiii","charge":"34567","endDate":"04/22/2026","publicityId":"pubb2345","chargeId":"xiiiii_PR","isCorporateYn":true,"tariffPlanId":1745,"tariffPlanName":"MI MUNDO S_DA","selectedSvcs_s2":"[\"DATA\"]","selectedSvcs_s3":"[\"VOICE\",\"DATA\",\"SMS\"]","selectedSvcs_s4":"[\"VOICE\"]","defaultAtps":[{"servicePackageId":1781,"chargeId":"xiiiii_PR","packageName":"MUNDO_CF_SP_ATP","validity":"Monthly","midnightExpiry":"No","renewal":"No","rental":0,"maxCount":0,"freeCycles":"0"},{"servicePackageId":1758,"chargeId":"xiiiii_PR","packageName":"MI MUNDO L_Vo","validity":"Monthly","midnightExpiry":"No","renewal":"No","rental":0,"maxCount":0,"freeCycles":"0"},{"servicePackageId":1925,"chargeId":"xiiiii_PR","packageName":"test_builder","validity":"Monthly","midnightExpiry":"No","renewal":"Yes","rental":0,"maxCount":0,"freeCycles":"0"},{"servicePackageId":1765,"chargeId":"xiiiii_PR","packageName":"DYNAMIC_DATP","validity":"Monthly","midnightExpiry":"No","renewal":"No","rental":0,"maxCount":0,"freeCycles":"0"}],"allowedAtps":[{"servicePackageId":1750,"chargeId":"xiiiii_PR","packageName":"MI MUNDO M_VO","validity":"Monthly","midnightExpiry":"No","renewal":"No","rental":0,"maxCount":0,"freeCycles":"0"},{"servicePackageId":1762,"chargeId":"xiiiii_PR","packageName":"POSTPAID_Vo","validity":"Monthly","midnightExpiry":"No","renewal":"No","rental":0,"maxCount":0,"freeCycles":"0"},{"servicePackageId":1781,"chargeId":"xiiiii_PR","packageName":"MUNDO_CF_SP_ATP","validity":"Monthly","midnightExpiry":"No","renewal":"No","rental":0,"maxCount":0,"freeCycles":"0"},{"servicePackageId":1925,"chargeId":"xiiiii_PR","packageName":"test_builder","validity":"Monthly","midnightExpiry":"No","renewal":"No","rental":0,"maxCount":0,"freeCycles":"0"},{"servicePackageId":1762,"chargeId":"xiiiii_PR","packageName":"POSTPAID_Vo","validity":"Monthly","midnightExpiry":"No","renewal":"No","rental":0,"maxCount":0,"freeCycles":"0"},{"servicePackageId":1750,"chargeId":"xiiiii_PR","packageName":"MI MUNDO M_VO","validity":"Monthly","midnightExpiry":"No","renewal":"No","rental":0,"maxCount":0,"freeCycles":"0"},{"servicePackageId":1758,"chargeId":"xiiiii_PR","packageName":"MI MUNDO L_Vo","validity":"Monthly","midnightExpiry":"No","renewal":"No","rental":0,"maxCount":0,"freeCycles":"0"}]}}
[2026-05-12T12:23:52.368] [TarrifBuilder] [INFO ]  [com.xius.TariffBuilder.config.ApiLogger.doFilterInternal] Execution time 6 ms
[2026-05-12T12:23:52.368] [TarrifBuilder] [INFO ]  [com.xius.TariffBuilder.config.ApiLogger.doFilterInternal] ------------ handleResponse ------------
[2026-05-12T12:24:01.163] [TarrifBuilder] [INFO ]  [com.xius.TariffBuilder.config.ApiLogger.doFilterInternal] ------------ handleRequest ------------
[2026-05-12T12:24:01.168] [TarrifBuilder] [INFO ]  [com.xius.TariffBuilder.config.ApiLogger.doFilterInternal] GET
[2026-05-12T12:24:01.168] [TarrifBuilder] [INFO ]  [com.xius.TariffBuilder.config.ApiLogger.doFilterInternal] /admin/hierarchy/xiustest
[2026-05-12T12:24:01.168] [TarrifBuilder] [INFO ]  [com.xius.TariffBuilder.config.ApiLogger.doFilterInternal] 10.10.21.49
[2026-05-12T12:24:01.168] [TarrifBuilder] [INFO ]  [com.xius.TariffBuilder.UserService.TariffService.getHierarchy] Fetching hierarchy for tpName=xiustest
[2026-05-12T12:24:01.168] [TarrifBuilder] [INFO ]  [com.xius.TariffBuilder.util.JsonStorage.getTpData] Fetching JSON for xiustest
[2026-05-12T12:24:01.171] [TarrifBuilder] [INFO ]  [com.xius.TariffBuilder.config.ApiLogger.doFilterInternal] 200
[2026-05-12T12:24:01.171] [TarrifBuilder] [INFO ]  [com.xius.TariffBuilder.config.ApiLogger.doFilterInternal] Response Payload {"tpName":"xiustest","username":"USER1","networkId":16,"data":{"username":"USER1","isUpdate":true,"submittedOn":"21 Apr 2026","packageType":"PREPAID","tariffPackCategory":"NORMAL","tariffPackageDesc":"xiustest","charge":"56","endDate":"04/21/2026","publicityId":"test_xius","chargeId":"xiustest_PR","isCorporateYn":true,"tariffPlanId":1743,"tariffPlanName":"MI MUNDO S_V","selectedSvcs_s2":"[\"VOICE\"]","selectedSvcs_s3":"[\"VOICE\"]","selectedSvcs_s4":"[\"VOICE\",\"SMS\",\"DATA\"]","defaultAtps":[{"servicePackageId":1750,"chargeId":"xiustest_PR","packageName":"MI MUNDO M_VO","validity":"Monthly","midnightExpiry":"Yes","renewal":"Yes","rental":"12","maxCount":"56","freeCycles":"6"}],"allowedAtps":[{"servicePackageId":1765,"chargeId":"xiustest_PR","packageName":"DYNAMIC_DATP","validity":"Monthly","midnightExpiry":"Yes","renewal":"Yes","rental":"4","maxCount":"5","freeCycles":"6"}]}}
[2026-05-12T12:24:01.171] [TarrifBuilder] [INFO ]  [com.xius.TariffBuilder.config.ApiLogger.doFilterInternal] Execution time 8 ms
[2026-05-12T12:24:01.171] [TarrifBuilder] [INFO ]  [com.xius.TariffBuilder.config.ApiLogger.doFilterInternal] ------------ handleResponse ------------
[2026-05-12T12:24:04.267] [TarrifBuilder] [INFO ]  [com.xius.TariffBuilder.config.ApiLogger.doFilterInternal] ------------ handleRequest ------------
[2026-05-12T12:24:04.267] [TarrifBuilder] [INFO ]  [com.xius.TariffBuilder.config.ApiLogger.doFilterInternal] GET
[2026-05-12T12:24:04.267] [TarrifBuilder] [INFO ]  [com.xius.TariffBuilder.config.ApiLogger.doFilterInternal] /admin/hierarchy/tp_test
[2026-05-12T12:24:04.267] [TarrifBuilder] [INFO ]  [com.xius.TariffBuilder.config.ApiLogger.doFilterInternal] 10.10.21.49
[2026-05-12T12:24:04.271] [TarrifBuilder] [INFO ]  [com.xius.TariffBuilder.UserService.TariffService.getHierarchy] Fetching hierarchy for tpName=tp_test
[2026-05-12T12:24:04.271] [TarrifBuilder] [INFO ]  [com.xius.TariffBuilder.util.JsonStorage.getTpData] Fetching JSON for tp_test
[2026-05-12T12:24:04.273] [TarrifBuilder] [INFO ]  [com.xius.TariffBuilder.config.ApiLogger.doFilterInternal] 200
[2026-05-12T12:24:04.273] [TarrifBuilder] [INFO ]  [com.xius.TariffBuilder.config.ApiLogger.doFilterInternal] Response Payload {"tpName":"tp_test","username":"USER1","networkId":16,"data":{"username":"USER1","isUpdate":true,"submittedOn":"23 Apr 2026","packageType":"PREPAID","tariffPackCategory":"NORMAL","tariffPackageDesc":"tp_test","charge":"4","endDate":"04/21/2026","publicityId":"tester","chargeId":"tp_test_PR","isCorporateYn":true,"tariffPlanId":1743,"tariffPlanName":"MI MUNDO S_V","selectedSvcs_s2":"[\"VOICE\"]","selectedSvcs_s3":"[\"VOICE\"]","selectedSvcs_s4":"[\"VOICE\",\"SMS\",\"DATA\"]","defaultAtps":[],"allowedAtps":[{"servicePackageId":1765,"chargeId":"tp_test_PR","packageName":"DYNAMIC_DATP","validity":"Monthly","midnightExpiry":"No","renewal":"No","rental":0,"maxCount":0,"freeCycles":"0"}]}}
[2026-05-12T12:24:04.273] [TarrifBuilder] [INFO ]  [com.xius.TariffBuilder.config.ApiLogger.doFilterInternal] Execution time 6 ms
[2026-05-12T12:24:04.273] [TarrifBuilder] [INFO ]  [com.xius.TariffBuilder.config.ApiLogger.doFilterInternal] ------------ handleResponse ------------
[2026-05-12T12:24:05.721] [TarrifBuilder] [INFO ]  [com.xius.TariffBuilder.config.ApiLogger.doFilterInternal] ------------ handleRequest ------------
[2026-05-12T12:24:05.721] [TarrifBuilder] [INFO ]  [com.xius.TariffBuilder.config.ApiLogger.doFilterInternal] GET
[2026-05-12T12:24:05.721] [TarrifBuilder] [INFO ]  [com.xius.TariffBuilder.config.ApiLogger.doFilterInternal] /admin/hierarchy/xiiiii
[2026-05-12T12:24:05.721] [TarrifBuilder] [INFO ]  [com.xius.TariffBuilder.config.ApiLogger.doFilterInternal] 10.10.21.49
[2026-05-12T12:24:05.724] [TarrifBuilder] [INFO ]  [com.xius.TariffBuilder.UserService.TariffService.getHierarchy] Fetching hierarchy for tpName=xiiiii
[2026-05-12T12:24:05.724] [TarrifBuilder] [INFO ]  [com.xius.TariffBuilder.util.JsonStorage.getTpData] Fetching JSON for xiiiii
[2026-05-12T12:24:05.724] [TarrifBuilder] [INFO ]  [com.xius.TariffBuilder.config.ApiLogger.doFilterInternal] 200
[2026-05-12T12:24:05.724] [TarrifBuilder] [INFO ]  [com.xius.TariffBuilder.config.ApiLogger.doFilterInternal] Response Payload {"tpName":"xiiiii","username":"USER1","networkId":16,"data":{"username":"USER1","isUpdate":true,"submittedOn":"23 Apr 2026","packageType":"POSTPAID","tariffPackCategory":"COMMERCIAL","tariffPackageDesc":"xiiiii","charge":"34567","endDate":"04/22/2026","publicityId":"pubb2345","chargeId":"xiiiii_PR","isCorporateYn":true,"tariffPlanId":1745,"tariffPlanName":"MI MUNDO S_DA","selectedSvcs_s2":"[\"DATA\"]","selectedSvcs_s3":"[\"VOICE\",\"DATA\",\"SMS\"]","selectedSvcs_s4":"[\"VOICE\"]","defaultAtps":[{"servicePackageId":1781,"chargeId":"xiiiii_PR","packageName":"MUNDO_CF_SP_ATP","validity":"Monthly","midnightExpiry":"No","renewal":"No","rental":0,"maxCount":0,"freeCycles":"0"},{"servicePackageId":1758,"chargeId":"xiiiii_PR","packageName":"MI MUNDO L_Vo","validity":"Monthly","midnightExpiry":"No","renewal":"No","rental":0,"maxCount":0,"freeCycles":"0"},{"servicePackageId":1925,"chargeId":"xiiiii_PR","packageName":"test_builder","validity":"Monthly","midnightExpiry":"No","renewal":"Yes","rental":0,"maxCount":0,"freeCycles":"0"},{"servicePackageId":1765,"chargeId":"xiiiii_PR","packageName":"DYNAMIC_DATP","validity":"Monthly","midnightExpiry":"No","renewal":"No","rental":0,"maxCount":0,"freeCycles":"0"}],"allowedAtps":[{"servicePackageId":1750,"chargeId":"xiiiii_PR","packageName":"MI MUNDO M_VO","validity":"Monthly","midnightExpiry":"No","renewal":"No","rental":0,"maxCount":0,"freeCycles":"0"},{"servicePackageId":1762,"chargeId":"xiiiii_PR","packageName":"POSTPAID_Vo","validity":"Monthly","midnightExpiry":"No","renewal":"No","rental":0,"maxCount":0,"freeCycles":"0"},{"servicePackageId":1781,"chargeId":"xiiiii_PR","packageName":"MUNDO_CF_SP_ATP","validity":"Monthly","midnightExpiry":"No","renewal":"No","rental":0,"maxCount":0,"freeCycles":"0"},{"servicePackageId":1925,"chargeId":"xiiiii_PR","packageName":"test_builder","validity":"Monthly","midnightExpiry":"No","renewal":"No","rental":0,"maxCount":0,"freeCycles":"0"},{"servicePackageId":1762,"chargeId":"xiiiii_PR","packageName":"POSTPAID_Vo","validity":"Monthly","midnightExpiry":"No","renewal":"No","rental":0,"maxCount":0,"freeCycles":"0"},{"servicePackageId":1750,"chargeId":"xiiiii_PR","packageName":"MI MUNDO M_VO","validity":"Monthly","midnightExpiry":"No","renewal":"No","rental":0,"maxCount":0,"freeCycles":"0"},{"servicePackageId":1758,"chargeId":"xiiiii_PR","packageName":"MI MUNDO L_Vo","validity":"Monthly","midnightExpiry":"No","renewal":"No","rental":0,"maxCount":0,"freeCycles":"0"}]}}
[2026-05-12T12:24:05.724] [TarrifBuilder] [INFO ]  [com.xius.TariffBuilder.config.ApiLogger.doFilterInternal] Execution time 3 ms
[2026-05-12T12:24:05.724] [TarrifBuilder] [INFO ]  [com.xius.TariffBuilder.config.ApiLogger.doFilterInternal] ------------ handleResponse ------------
[2026-05-12T12:24:07.058] [TarrifBuilder] [INFO ]  [com.xius.TariffBuilder.config.ApiLogger.doFilterInternal] ------------ handleRequest ------------
[2026-05-12T12:24:07.058] [TarrifBuilder] [INFO ]  [com.xius.TariffBuilder.config.ApiLogger.doFilterInternal] GET
[2026-05-12T12:24:07.058] [TarrifBuilder] [INFO ]  [com.xius.TariffBuilder.config.ApiLogger.doFilterInternal] /admin/hierarchy/Test_today
[2026-05-12T12:24:07.058] [TarrifBuilder] [INFO ]  [com.xius.TariffBuilder.config.ApiLogger.doFilterInternal] 10.10.21.49
[2026-05-12T12:24:07.058] [TarrifBuilder] [INFO ]  [com.xius.TariffBuilder.UserService.TariffService.getHierarchy] Fetching hierarchy for tpName=Test_today
[2026-05-12T12:24:07.058] [TarrifBuilder] [INFO ]  [com.xius.TariffBuilder.util.JsonStorage.getTpData] Fetching JSON for Test_today
[2026-05-12T12:24:07.058] [TarrifBuilder] [INFO ]  [com.xius.TariffBuilder.config.ApiLogger.doFilterInternal] 200
[2026-05-12T12:24:07.058] [TarrifBuilder] [INFO ]  [com.xius.TariffBuilder.config.ApiLogger.doFilterInternal] Response Payload {"tpName":"Test_today","username":"USER1","networkId":16,"data":{"username":"USER1","isUpdate":false,"submittedOn":"06 May 2026","packageType":"PREPAID","tariffPackCategory":"COMMERCIAL","tariffPackageDesc":"Test_today","charge":"0","endDate":"04/04/2027","publicityId":"testD","chargeId":"Test_today_PR","isCorporateYn":false,"tariffPlanId":1743,"tariffPlanName":"MI MUNDO S_V","selectedSvcs_s2":"[\"VOICE\"]","selectedSvcs_s3":"[\"VOICE\"]","selectedSvcs_s4":"[]","defaultAtps":[],"allowedAtps":[]}}
[2026-05-12T12:24:07.058] [TarrifBuilder] [INFO ]  [com.xius.TariffBuilder.config.ApiLogger.doFilterInternal] Execution time 0 ms
[2026-05-12T12:24:07.058] [TarrifBuilder] [INFO ]  [com.xius.TariffBuilder.config.ApiLogger.doFilterInternal] ------------ handleResponse ------------
[2026-05-12T12:24:08.268] [TarrifBuilder] [INFO ]  [com.xius.TariffBuilder.config.ApiLogger.doFilterInternal] ------------ handleRequest ------------
[2026-05-12T12:24:08.268] [TarrifBuilder] [INFO ]  [com.xius.TariffBuilder.config.ApiLogger.doFilterInternal] GET
[2026-05-12T12:24:08.268] [TarrifBuilder] [INFO ]  [com.xius.TariffBuilder.config.ApiLogger.doFilterInternal] /admin/hierarchy/tp_test
[2026-05-12T12:24:08.268] [TarrifBuilder] [INFO ]  [com.xius.TariffBuilder.config.ApiLogger.doFilterInternal] 10.10.21.49
[2026-05-12T12:24:08.270] [TarrifBuilder] [INFO ]  [com.xius.TariffBuilder.UserService.TariffService.getHierarchy] Fetching hierarchy for tpName=tp_test
[2026-05-12T12:24:08.270] [TarrifBuilder] [INFO ]  [com.xius.TariffBuilder.util.JsonStorage.getTpData] Fetching JSON for tp_test
[2026-05-12T12:24:08.270] [TarrifBuilder] [INFO ]  [com.xius.TariffBuilder.config.ApiLogger.doFilterInternal] 200
[2026-05-12T12:24:08.270] [TarrifBuilder] [INFO ]  [com.xius.TariffBuilder.config.ApiLogger.doFilterInternal] Response Payload {"tpName":"tp_test","username":"USER1","networkId":16,"data":{"username":"USER1","isUpdate":true,"submittedOn":"23 Apr 2026","packageType":"PREPAID","tariffPackCategory":"NORMAL","tariffPackageDesc":"tp_test","charge":"4","endDate":"04/21/2026","publicityId":"tester","chargeId":"tp_test_PR","isCorporateYn":true,"tariffPlanId":1743,"tariffPlanName":"MI MUNDO S_V","selectedSvcs_s2":"[\"VOICE\"]","selectedSvcs_s3":"[\"VOICE\"]","selectedSvcs_s4":"[\"VOICE\",\"SMS\",\"DATA\"]","defaultAtps":[],"allowedAtps":[{"servicePackageId":1765,"chargeId":"tp_test_PR","packageName":"DYNAMIC_DATP","validity":"Monthly","midnightExpiry":"No","renewal":"No","rental":0,"maxCount":0,"freeCycles":"0"}]}}
[2026-05-12T12:24:08.270] [TarrifBuilder] [INFO ]  [com.xius.TariffBuilder.config.ApiLogger.doFilterInternal] Execution time 2 ms
[2026-05-12T12:24:08.270] [TarrifBuilder] [INFO ]  [com.xius.TariffBuilder.config.ApiLogger.doFilterInternal] ------------ handleResponse ------------
[2026-05-12T12:24:26.095] [TarrifBuilder] [INFO ]  [com.xius.TariffBuilder.config.ApiLogger.doFilterInternal] ------------ handleRequest ------------
[2026-05-12T12:24:26.096] [TarrifBuilder] [INFO ]  [com.xius.TariffBuilder.config.ApiLogger.doFilterInternal] POST
[2026-05-12T12:24:26.097] [TarrifBuilder] [INFO ]  [com.xius.TariffBuilder.config.ApiLogger.doFilterInternal] /approve/tp_test
[2026-05-12T12:24:26.097] [TarrifBuilder] [INFO ]  [com.xius.TariffBuilder.config.ApiLogger.doFilterInternal] 10.10.21.49
[2026-05-12T12:24:26.127] [TarrifBuilder] [INFO ]  [com.xius.TariffBuilder.UserService.TariffApprovalService.approve] Approve request received tpName=tp_test
[2026-05-12T12:24:26.128] [TarrifBuilder] [INFO ]  [com.xius.TariffBuilder.util.JsonStorage.getTpData] Fetching JSON for tp_test
[2026-05-12T12:24:26.130] [TarrifBuilder] [INFO ]  [com.xius.TariffBuilder.UserService.TariffApprovalService.approve] Approve request payload tpName=tp_test networkId=16 username=USER1
[2026-05-12T12:24:26.342] [TarrifBuilder] [INFO ]  [com.xius.TariffBuilder.UserService.TariffApprovalService.approve] ATP presence check hasDefaultAtps=false hasAllowedAtps=true hasAnyAtps=true
[2026-05-12T12:24:26.478] [TarrifBuilder] [INFO ]  [com.xius.TariffBuilder.UserService.TariffApprovalService.approve] Old mapping oldPlanId=1082 oldPlanZoneId=802 oldBucketId=T1962 oldBucketZoneId=0
[2026-05-12T12:24:26.573] [TarrifBuilder] [INFO ]  [com.xius.TariffBuilder.UserService.ServiceplanZone.cloneZoneIfExists] CS_RAT_ZONE_GROUPS cloned oldZoneId=802 newZoneId=920
[2026-05-12T12:24:27.841] [TarrifBuilder] [INFO ]  [com.xius.TariffBuilder.UserService.ServiceplanZone.cloneZoneIfExists] Zone clone completed oldZoneId=802 newZoneId=920
[2026-05-12T12:24:28.006] [TarrifBuilder] [INFO ]  [com.xius.TariffBuilder.UserService.ServiceplanZone.cloneZoneIfExists] Old zone id 0 not found in zone tables. Skipping zone clone.
[2026-05-12T12:24:28.008] [TarrifBuilder] [INFO ]  [com.xius.TariffBuilder.UserService.ServiceCloneService.cloneService] Clone service started networkId=16 servicePackageId=1743 tpName=tp_test newPlanZoneId=920
[2026-05-12T12:24:28.293] [TarrifBuilder] [INFO ]  [com.xius.TariffBuilder.UserService.ServiceCloneService.cloneService] Service plan cloned oldPlanId=1082 newPlanId=1402 newPackageId=2267
[2026-05-12T12:24:28.294] [TarrifBuilder] [INFO ]  [com.xius.TariffBuilder.UserService.ServiceCloneService.cloneService] Clone service completed newPackageId=2267 lastNewPlanId=1402
[2026-05-12T12:24:28.294] [TarrifBuilder] [INFO ]  [com.xius.TariffBuilder.UserService.TariffApprovalService.approve] Base service cloned newServicePackageId=2267 newServicePlanId=1402
[2026-05-12T12:24:28.294] [TarrifBuilder] [INFO ]  [com.xius.TariffBuilder.UserService.TariffApprovalService.approve] After default ATPs defaultAtpIds=[]
[2026-05-12T12:24:28.294] [TarrifBuilder] [INFO ]  [com.xius.TariffBuilder.UserService.TariffApprovalService.approve] Allowed ATP count=1
[2026-05-12T12:24:28.294] [TarrifBuilder] [INFO ]  [com.xius.TariffBuilder.UserService.BundleService.cloneAtpData] ATP clone started atpId=1765 networkId=16 tpName=tp_test newBucketZoneId=921
[2026-05-12T12:24:29.314] [TarrifBuilder] [INFO ]  [com.xius.TariffBuilder.UserService.BundleService.cloneAtpData] Bucket cloned oldBucketId=T1961 newBucketId=T2083 newBucketZoneId=921
[2026-05-12T12:24:29.811] [TarrifBuilder] [INFO ]  [com.xius.TariffBuilder.UserService.BundleService.cloneAtpData] Bucket cloned oldBucketId=T1963 newBucketId=T2084 newBucketZoneId=921
[2026-05-12T12:24:30.298] [TarrifBuilder] [INFO ]  [com.xius.TariffBuilder.UserService.BundleService.cloneAtpData] Bucket cloned oldBucketId=T1962 newBucketId=T2085 newBucketZoneId=921
[2026-05-12T12:24:30.601] [TarrifBuilder] [INFO ]  [com.xius.TariffBuilder.UserService.BundleService.cloneAtpData] ATP clone completed oldAtpId=1765 newAtpId=2268
[2026-05-12T12:24:30.601] [TarrifBuilder] [INFO ]  [com.xius.TariffBuilder.UserService.TariffApprovalService.approve] Allowed ATP cloned oldAtpId=1765 newAtpId=2268
[2026-05-12T12:24:30.601] [TarrifBuilder] [INFO ]  [com.xius.TariffBuilder.UserService.TariffApprovalService.approve] Final defaultAtpIds for DATP mapping=[]
[2026-05-12T12:24:30.601] [TarrifBuilder] [INFO ]  [com.xius.TariffBuilder.UserService.TariffApprovalService.approve] Final allowedAtpIds for AATP mapping=[2268]
[2026-05-12T12:24:30.627] [TarrifBuilder] [INFO ]  [com.xius.TariffBuilder.UserService.TariffApprovalService.insertPeriodicCharge] Default ATP not available. Skipping periodic charge.
[2026-05-12T12:24:30.755] [TarrifBuilder] [ERROR]  [com.xius.TariffBuilder.UserService.TariffApprovalService.approve] Tariff creation failed tpName=tp_test error=PreparedStatementCallback; SQL [insert into CS_RAT_TARIFF_PACKAGE
(
    TARIFF_PACKAGE_ID,
    TARIFF_PACKAGE_DESC,
    NETWORK_ID,
    END_DATE,
    PUBLICITY_ID,
    CHARGE_ID,
    PACKAGE_TYPE,
    IS_CORPORATE_YN,
    TARIFF_PACK_CATEGORY
)
values (?,?,?,?,?,?,?,?,?)
]; ORA-00001: unique constraint (IZZI_BSSSDP_QC.UK_TARPKG_NAME_NW_ID) violated

https://docs.oracle.com/error-help/db/ora-00001/
org.springframework.dao.DuplicateKeyException: PreparedStatementCallback; SQL [insert into CS_RAT_TARIFF_PACKAGE
(
    TARIFF_PACKAGE_ID,
    TARIFF_PACKAGE_DESC,
    NETWORK_ID,
    END_DATE,
    PUBLICITY_ID,
    CHARGE_ID,
    PACKAGE_TYPE,
    IS_CORPORATE_YN,
    TARIFF_PACK_CATEGORY
)
values (?,?,?,?,?,?,?,?,?)
]; ORA-00001: unique constraint (IZZI_BSSSDP_QC.UK_TARPKG_NAME_NW_ID) violated

https://docs.oracle.com/error-help/db/ora-00001/
	at org.springframework.jdbc.support.SQLExceptionSubclassTranslator.doTranslate(SQLExceptionSubclassTranslator.java:104)
	at org.springframework.jdbc.support.AbstractFallbackSQLExceptionTranslator.translate(AbstractFallbackSQLExceptionTranslator.java:102)
	at org.springframework.jdbc.core.JdbcTemplate.translateException(JdbcTemplate.java:1549)
	at org.springframework.jdbc.core.JdbcTemplate.execute(JdbcTemplate.java:689)
	at org.springframework.jdbc.core.JdbcTemplate.update(JdbcTemplate.java:966)
	at org.springframework.jdbc.core.JdbcTemplate.update(JdbcTemplate.java:1010)
	at org.springframework.jdbc.core.JdbcTemplate.update(JdbcTemplate.java:1020)
	at com.xius.TariffBuilder.UserService.TariffApprovalService.approve(TariffApprovalService.java:715)
	at java.base/jdk.internal.reflect.DirectMethodHandleAccessor.invoke(DirectMethodHandleAccessor.java:103)
	at java.base/java.lang.reflect.Method.invoke(Method.java:580)
	at org.springframework.aop.support.AopUtils.invokeJoinpointUsingReflection(AopUtils.java:359)
	at org.springframework.aop.framework.ReflectiveMethodInvocation.invokeJoinpoint(ReflectiveMethodInvocation.java:190)
	at org.springframework.aop.framework.ReflectiveMethodInvocation.proceed(ReflectiveMethodInvocation.java:158)
	at org.springframework.transaction.interceptor.TransactionInterceptor$1.proceedWithInvocation(TransactionInterceptor.java:133)
	at org.springframework.transaction.interceptor.TransactionAspectSupport.invokeWithinTransaction(TransactionAspectSupport.java:371)
	at org.springframework.transaction.interceptor.TransactionInterceptor.invoke(TransactionInterceptor.java:130)
	at org.springframework.aop.framework.ReflectiveMethodInvocation.proceed(ReflectiveMethodInvocation.java:179)
	at org.springframework.aop.framework.CglibAopProxy$DynamicAdvisedInterceptor.intercept(CglibAopProxy.java:719)
	at com.xius.TariffBuilder.UserService.TariffApprovalService$$SpringCGLIB$$0.approve(<generated>)
	at com.xius.TariffBuilder.Controller.BuilderController.approve(BuilderController.java:439)
	at java.base/jdk.internal.reflect.DirectMethodHandleAccessor.invoke(DirectMethodHandleAccessor.java:103)
	at java.base/java.lang.reflect.Method.invoke(Method.java:580)
	at org.springframework.web.method.support.InvocableHandlerMethod.doInvoke(InvocableHandlerMethod.java:252)
	at org.springframework.web.method.support.InvocableHandlerMethod.invokeForRequest(InvocableHandlerMethod.java:184)
	at org.springframework.web.servlet.mvc.method.annotation.ServletInvocableHandlerMethod.invokeAndHandle(ServletInvocableHandlerMethod.java:117)
	at org.springframework.web.servlet.mvc.method.annotation.RequestMappingHandlerAdapter.invokeHandlerMethod(RequestMappingHandlerAdapter.java:934)
	at org.springframework.web.servlet.mvc.method.annotation.RequestMappingHandlerAdapter.handleInternal(RequestMappingHandlerAdapter.java:853)
	at org.springframework.web.servlet.mvc.method.AbstractHandlerMethodAdapter.handle(AbstractHandlerMethodAdapter.java:86)
	at org.springframework.web.servlet.DispatcherServlet.doDispatch(DispatcherServlet.java:963)
	at org.springframework.web.servlet.DispatcherServlet.doService(DispatcherServlet.java:866)
	at org.springframework.web.servlet.FrameworkServlet.processRequest(FrameworkServlet.java:1000)
	at org.springframework.web.servlet.FrameworkServlet.doPost(FrameworkServlet.java:903)
	at jakarta.servlet.http.HttpServlet.service(HttpServlet.java:649)
	at org.springframework.web.servlet.FrameworkServlet.service(FrameworkServlet.java:874)
	at jakarta.servlet.http.HttpServlet.service(HttpServlet.java:710)
	at org.apache.catalina.core.ApplicationFilterChain.doFilter(ApplicationFilterChain.java:128)
	at org.apache.tomcat.websocket.server.WsFilter.doFilter(WsFilter.java:53)
	at org.apache.catalina.core.ApplicationFilterChain.doFilter(ApplicationFilterChain.java:107)
	at com.xius.TariffBuilder.config.ApiLogger.doFilterInternal(ApiLogger.java:61)
	at org.springframework.web.filter.OncePerRequestFilter.doFilter(OncePerRequestFilter.java:116)
	at org.apache.catalina.core.ApplicationFilterChain.doFilter(ApplicationFilterChain.java:107)
	at org.springframework.web.filter.RequestContextFilter.doFilterInternal(RequestContextFilter.java:100)
	at org.springframework.web.filter.OncePerRequestFilter.doFilter(OncePerRequestFilter.java:116)
	at org.apache.catalina.core.ApplicationFilterChain.doFilter(ApplicationFilterChain.java:107)
	at org.springframework.web.filter.FormContentFilter.doFilterInternal(FormContentFilter.java:93)
	at org.springframework.web.filter.OncePerRequestFilter.doFilter(OncePerRequestFilter.java:116)
	at org.apache.catalina.core.ApplicationFilterChain.doFilter(ApplicationFilterChain.java:107)
	at org.springframework.web.filter.CharacterEncodingFilter.doFilterInternal(CharacterEncodingFilter.java:199)
	at org.springframework.web.filter.OncePerRequestFilter.doFilter(OncePerRequestFilter.java:116)
	at org.apache.catalina.core.ApplicationFilterChain.doFilter(ApplicationFilterChain.java:107)
	at org.apache.catalina.core.StandardWrapperValve.invoke(StandardWrapperValve.java:165)
	at org.apache.catalina.core.StandardContextValve.invoke(StandardContextValve.java:77)
	at org.apache.catalina.authenticator.AuthenticatorBase.invoke(AuthenticatorBase.java:492)
	at org.apache.catalina.core.StandardHostValve.invoke(StandardHostValve.java:113)
	at org.apache.catalina.valves.ErrorReportValve.invoke(ErrorReportValve.java:83)
	at org.apache.catalina.core.StandardEngineValve.invoke(StandardEngineValve.java:72)
	at org.apache.catalina.connector.CoyoteAdapter.service(CoyoteAdapter.java:341)
	at org.apache.coyote.http11.Http11Processor.service(Http11Processor.java:397)
	at org.apache.coyote.AbstractProcessorLight.process(AbstractProcessorLight.java:63)
	at org.apache.coyote.AbstractProtocol$ConnectionHandler.process(AbstractProtocol.java:903)
	at org.apache.tomcat.util.net.NioEndpoint$SocketProcessor.doRun(NioEndpoint.java:1779)
	at org.apache.tomcat.util.net.SocketProcessorBase.run(SocketProcessorBase.java:52)
	at org.apache.tomcat.util.threads.ThreadPoolExecutor.runWorker(ThreadPoolExecutor.java:946)
	at org.apache.tomcat.util.threads.ThreadPoolExecutor$Worker.run(ThreadPoolExecutor.java:480)
	at org.apache.tomcat.util.threads.TaskThread$WrappingRunnable.run(TaskThread.java:57)
	at java.base/java.lang.Thread.run(Thread.java:1583)
Caused by: java.sql.SQLIntegrityConstraintViolationException: ORA-00001: unique constraint (IZZI_BSSSDP_QC.UK_TARPKG_NAME_NW_ID) violated

https://docs.oracle.com/error-help/db/ora-00001/
	at oracle.jdbc.driver.T4CTTIoer11.processError(T4CTTIoer11.java:715)
	at oracle.jdbc.driver.T4CTTIoer11.processError(T4CTTIoer11.java:615)
	at oracle.jdbc.driver.T4C8Oall.processError(T4C8Oall.java:1372)
	at oracle.jdbc.driver.T4CTTIfun.receive(T4CTTIfun.java:972)
	at oracle.jdbc.driver.T4CTTIfun.doRPC(T4CTTIfun.java:237)
	at oracle.jdbc.driver.T4C8Oall.doOALL(T4C8Oall.java:524)
	at oracle.jdbc.driver.T4CPreparedStatement.doOall8(T4CPreparedStatement.java:298)
	at oracle.jdbc.driver.T4CPreparedStatement.executeForRows(T4CPreparedStatement.java:1510)
	at oracle.jdbc.driver.OracleStatement.executeSQLStatement(OracleStatement.java:2020)
	at oracle.jdbc.driver.OracleStatement.doExecuteWithTimeout(OracleStatement.java:1633)
	at oracle.jdbc.driver.OraclePreparedStatement.executeInternal(OraclePreparedStatement.java:3973)
	at oracle.jdbc.driver.OraclePreparedStatement.doExecuteLargeUpdate(OraclePreparedStatement.java:4339)
	at oracle.jdbc.driver.OraclePreparedStatement.executeLargeUpdate(OraclePreparedStatement.java:4316)
	at oracle.jdbc.driver.OraclePreparedStatement.executeUpdate(OraclePreparedStatement.java:4291)
	at oracle.jdbc.driver.OraclePreparedStatementWrapper.executeUpdate(OraclePreparedStatementWrapper.java:1007)
	at com.zaxxer.hikari.pool.ProxyPreparedStatement.executeUpdate(ProxyPreparedStatement.java:61)
	at com.zaxxer.hikari.pool.HikariProxyPreparedStatement.executeUpdate(HikariProxyPreparedStatement.java)
	at org.springframework.jdbc.core.JdbcTemplate.lambda$update$0(JdbcTemplate.java:971)
	at org.springframework.jdbc.core.JdbcTemplate.execute(JdbcTemplate.java:670)
	... 62 more
Caused by: oracle.jdbc.OracleDatabaseException: ORA-00001: unique constraint (IZZI_BSSSDP_QC.UK_TARPKG_NAME_NW_ID) violated

	at oracle.jdbc.driver.T4CTTIoer11.processError(T4CTTIoer11.java:723)
	... 80 more
[2026-05-12T12:24:30.928] [TarrifBuilder] [INFO ]  [com.xius.TariffBuilder.config.ApiLogger.doFilterInternal] 200
[2026-05-12T12:24:30.928] [TarrifBuilder] [INFO ]  [com.xius.TariffBuilder.config.ApiLogger.doFilterInternal] Execution time 4833 ms
[2026-05-12T12:24:30.928] [TarrifBuilder] [INFO ]  [com.xius.TariffBuilder.config.ApiLogger.doFilterInternal] ------------ handleResponse ------------
[2026-05-12T12:24:30.931] [TarrifBuilder] [ERROR]  [org.apache.catalina.core.ContainerBase.[Tomcat].[localhost].[/].[dispatcherServlet].log] Servlet.service() for servlet [dispatcherServlet] in context with path [] threw exception [Request processing failed: org.springframework.dao.DuplicateKeyException: PreparedStatementCallback; SQL [insert into CS_RAT_TARIFF_PACKAGE
(
    TARIFF_PACKAGE_ID,
    TARIFF_PACKAGE_DESC,
    NETWORK_ID,
    END_DATE,
    PUBLICITY_ID,
    CHARGE_ID,
    PACKAGE_TYPE,
    IS_CORPORATE_YN,
    TARIFF_PACK_CATEGORY
)
values (?,?,?,?,?,?,?,?,?)
]; ORA-00001: unique constraint (IZZI_BSSSDP_QC.UK_TARPKG_NAME_NW_ID) violated

https://docs.oracle.com/error-help/db/ora-00001/] with root cause
oracle.jdbc.OracleDatabaseException: ORA-00001: unique constraint (IZZI_BSSSDP_QC.UK_TARPKG_NAME_NW_ID) violated

	at oracle.jdbc.driver.T4CTTIoer11.processError(T4CTTIoer11.java:723)
	at oracle.jdbc.driver.T4CTTIoer11.processError(T4CTTIoer11.java:615)
	at oracle.jdbc.driver.T4C8Oall.processError(T4C8Oall.java:1372)
	at oracle.jdbc.driver.T4CTTIfun.receive(T4CTTIfun.java:972)
	at oracle.jdbc.driver.T4CTTIfun.doRPC(T4CTTIfun.java:237)
	at oracle.jdbc.driver.T4C8Oall.doOALL(T4C8Oall.java:524)
	at oracle.jdbc.driver.T4CPreparedStatement.doOall8(T4CPreparedStatement.java:298)
	at oracle.jdbc.driver.T4CPreparedStatement.executeForRows(T4CPreparedStatement.java:1510)
	at oracle.jdbc.driver.OracleStatement.executeSQLStatement(OracleStatement.java:2020)
	at oracle.jdbc.driver.OracleStatement.doExecuteWithTimeout(OracleStatement.java:1633)
	at oracle.jdbc.driver.OraclePreparedStatement.executeInternal(OraclePreparedStatement.java:3973)
	at oracle.jdbc.driver.OraclePreparedStatement.doExecuteLargeUpdate(OraclePreparedStatement.java:4339)
	at oracle.jdbc.driver.OraclePreparedStatement.executeLargeUpdate(OraclePreparedStatement.java:4316)
	at oracle.jdbc.driver.OraclePreparedStatement.executeUpdate(OraclePreparedStatement.java:4291)
	at oracle.jdbc.driver.OraclePreparedStatementWrapper.executeUpdate(OraclePreparedStatementWrapper.java:1007)
	at com.zaxxer.hikari.pool.ProxyPreparedStatement.executeUpdate(ProxyPreparedStatement.java:61)
	at com.zaxxer.hikari.pool.HikariProxyPreparedStatement.executeUpdate(HikariProxyPreparedStatement.java)
	at org.springframework.jdbc.core.JdbcTemplate.lambda$update$0(JdbcTemplate.java:971)
	at org.springframework.jdbc.core.JdbcTemplate.execute(JdbcTemplate.java:670)
	at org.springframework.jdbc.core.JdbcTemplate.update(JdbcTemplate.java:966)
	at org.springframework.jdbc.core.JdbcTemplate.update(JdbcTemplate.java:1010)
	at org.springframework.jdbc.core.JdbcTemplate.update(JdbcTemplate.java:1020)
	at com.xius.TariffBuilder.UserService.TariffApprovalService.approve(TariffApprovalService.java:715)
	at java.base/jdk.internal.reflect.DirectMethodHandleAccessor.invoke(DirectMethodHandleAccessor.java:103)
	at java.base/java.lang.reflect.Method.invoke(Method.java:580)
	at org.springframework.aop.support.AopUtils.invokeJoinpointUsingReflection(AopUtils.java:359)
	at org.springframework.aop.framework.ReflectiveMethodInvocation.invokeJoinpoint(ReflectiveMethodInvocation.java:190)
	at org.springframework.aop.framework.ReflectiveMethodInvocation.proceed(ReflectiveMethodInvocation.java:158)
	at org.springframework.transaction.interceptor.TransactionInterceptor$1.proceedWithInvocation(TransactionInterceptor.java:133)
	at org.springframework.transaction.interceptor.TransactionAspectSupport.invokeWithinTransaction(TransactionAspectSupport.java:371)
	at org.springframework.transaction.interceptor.TransactionInterceptor.invoke(TransactionInterceptor.java:130)
	at org.springframework.aop.framework.ReflectiveMethodInvocation.proceed(ReflectiveMethodInvocation.java:179)
	at org.springframework.aop.framework.CglibAopProxy$DynamicAdvisedInterceptor.intercept(CglibAopProxy.java:719)
	at com.xius.TariffBuilder.UserService.TariffApprovalService$$SpringCGLIB$$0.approve(<generated>)
	at com.xius.TariffBuilder.Controller.BuilderController.approve(BuilderController.java:439)
	at java.base/jdk.internal.reflect.DirectMethodHandleAccessor.invoke(DirectMethodHandleAccessor.java:103)
	at java.base/java.lang.reflect.Method.invoke(Method.java:580)
	at org.springframework.web.method.support.InvocableHandlerMethod.doInvoke(InvocableHandlerMethod.java:252)
	at org.springframework.web.method.support.InvocableHandlerMethod.invokeForRequest(InvocableHandlerMethod.java:184)
	at org.springframework.web.servlet.mvc.method.annotation.ServletInvocableHandlerMethod.invokeAndHandle(ServletInvocableHandlerMethod.java:117)
	at org.springframework.web.servlet.mvc.method.annotation.RequestMappingHandlerAdapter.invokeHandlerMethod(RequestMappingHandlerAdapter.java:934)
	at org.springframework.web.servlet.mvc.method.annotation.RequestMappingHandlerAdapter.handleInternal(RequestMappingHandlerAdapter.java:853)
	at org.springframework.web.servlet.mvc.method.AbstractHandlerMethodAdapter.handle(AbstractHandlerMethodAdapter.java:86)
	at org.springframework.web.servlet.DispatcherServlet.doDispatch(DispatcherServlet.java:963)
	at org.springframework.web.servlet.DispatcherServlet.doService(DispatcherServlet.java:866)
	at org.springframework.web.servlet.FrameworkServlet.processRequest(FrameworkServlet.java:1000)
	at org.springframework.web.servlet.FrameworkServlet.doPost(FrameworkServlet.java:903)
	at jakarta.servlet.http.HttpServlet.service(HttpServlet.java:649)
	at org.springframework.web.servlet.FrameworkServlet.service(FrameworkServlet.java:874)
	at jakarta.servlet.http.HttpServlet.service(HttpServlet.java:710)
	at org.apache.catalina.core.ApplicationFilterChain.doFilter(ApplicationFilterChain.java:128)
	at org.apache.tomcat.websocket.server.WsFilter.doFilter(WsFilter.java:53)
	at org.apache.catalina.core.ApplicationFilterChain.doFilter(ApplicationFilterChain.java:107)
	at com.xius.TariffBuilder.config.ApiLogger.doFilterInternal(ApiLogger.java:61)
	at org.springframework.web.filter.OncePerRequestFilter.doFilter(OncePerRequestFilter.java:116)
	at org.apache.catalina.core.ApplicationFilterChain.doFilter(ApplicationFilterChain.java:107)
	at org.springframework.web.filter.RequestContextFilter.doFilterInternal(RequestContextFilter.java:100)
	at org.springframework.web.filter.OncePerRequestFilter.doFilter(OncePerRequestFilter.java:116)
	at org.apache.catalina.core.ApplicationFilterChain.doFilter(ApplicationFilterChain.java:107)
	at org.springframework.web.filter.FormContentFilter.doFilterInternal(FormContentFilter.java:93)
	at org.springframework.web.filter.OncePerRequestFilter.doFilter(OncePerRequestFilter.java:116)
	at org.apache.catalina.core.ApplicationFilterChain.doFilter(ApplicationFilterChain.java:107)
	at org.springframework.web.filter.CharacterEncodingFilter.doFilterInternal(CharacterEncodingFilter.java:199)
	at org.springframework.web.filter.OncePerRequestFilter.doFilter(OncePerRequestFilter.java:116)
	at org.apache.catalina.core.ApplicationFilterChain.doFilter(ApplicationFilterChain.java:107)
	at org.apache.catalina.core.StandardWrapperValve.invoke(StandardWrapperValve.java:165)
	at org.apache.catalina.core.StandardContextValve.invoke(StandardContextValve.java:77)
	at org.apache.catalina.authenticator.AuthenticatorBase.invoke(AuthenticatorBase.java:492)
	at org.apache.catalina.core.StandardHostValve.invoke(StandardHostValve.java:113)
	at org.apache.catalina.valves.ErrorReportValve.invoke(ErrorReportValve.java:83)
	at org.apache.catalina.core.StandardEngineValve.invoke(StandardEngineValve.java:72)
	at org.apache.catalina.connector.CoyoteAdapter.service(CoyoteAdapter.java:341)
	at org.apache.coyote.http11.Http11Processor.service(Http11Processor.java:397)
	at org.apache.coyote.AbstractProcessorLight.process(AbstractProcessorLight.java:63)
	at org.apache.coyote.AbstractProtocol$ConnectionHandler.process(AbstractProtocol.java:903)
	at org.apache.tomcat.util.net.NioEndpoint$SocketProcessor.doRun(NioEndpoint.java:1779)
	at org.apache.tomcat.util.net.SocketProcessorBase.run(SocketProcessorBase.java:52)
	at org.apache.tomcat.util.threads.ThreadPoolExecutor.runWorker(ThreadPoolExecutor.java:946)
	at org.apache.tomcat.util.threads.ThreadPoolExecutor$Worker.run(ThreadPoolExecutor.java:480)
	at org.apache.tomcat.util.threads.TaskThread$WrappingRunnable.run(TaskThread.java:57)
	at java.base/java.lang.Thread.run(Thread.java:1583)
[2026-05-12T12:25:28.409] [TarrifBuilder] [INFO ]  [com.xius.TariffBuilder.Controller.BuilderController.adminPage] Opening admin page
[2026-05-12T12:25:28.411] [TarrifBuilder] [INFO ]  [com.xius.TariffBuilder.UserService.TariffService.getTariffPackages] Fetching Tariff Package names from JSON
[2026-05-12T12:25:28.414] [TarrifBuilder] [INFO ]  [com.xius.TariffBuilder.Controller.BuilderController.adminPage] Fetching TP list for admin user=USER1 networkId=16
[2026-05-12T12:25:28.414] [TarrifBuilder] [INFO ]  [com.xius.TariffBuilder.Controller.BuilderController.adminPage] TP list response size=4
[2026-05-12T12:26:02.856] [TarrifBuilder] [INFO ]  [com.xius.TariffBuilder.Controller.BuilderController.adminPage] Opening admin page
[2026-05-12T12:26:02.859] [TarrifBuilder] [INFO ]  [com.xius.TariffBuilder.UserService.TariffService.getTariffPackages] Fetching Tariff Package names from JSON
[2026-05-12T12:26:02.862] [TarrifBuilder] [INFO ]  [com.xius.TariffBuilder.Controller.BuilderController.adminPage] Fetching TP list for admin user=USER1 networkId=16
[2026-05-12T12:26:02.862] [TarrifBuilder] [INFO ]  [com.xius.TariffBuilder.Controller.BuilderController.adminPage] TP list response size=3
[2026-05-12T12:26:04.343] [TarrifBuilder] [INFO ]  [com.xius.TariffBuilder.Controller.BuilderController.step1] Opening step1
[2026-05-12T12:26:29.578] [TarrifBuilder] [INFO ]  [com.xius.TariffBuilder.Controller.BuilderController.step2] Opening step2
[2026-05-12T12:26:30.536] [TarrifBuilder] [INFO ]  [com.xius.TariffBuilder.Controller.BuilderController.getTpPlans] Fetching TP plans networkId=16 types=3
[2026-05-12T12:26:30.536] [TarrifBuilder] [INFO ]  [com.xius.TariffBuilder.UserService.ServicePlanService.getPlans] Fetching TP plans networkId=16 types=3
[2026-05-12T12:26:32.890] [TarrifBuilder] [INFO ]  [com.xius.TariffBuilder.Controller.BuilderController.step3] Opening step3
[2026-05-12T12:26:38.626] [TarrifBuilder] [INFO ]  [com.xius.TariffBuilder.Controller.BuilderController.step4] Opening step4
[2026-05-12T12:26:40.172] [TarrifBuilder] [INFO ]  [com.xius.TariffBuilder.Controller.BuilderController.getAAtpPlans] Fetching AATP plans networkId=16 types=2
[2026-05-12T12:26:40.172] [TarrifBuilder] [INFO ]  [com.xius.TariffBuilder.UserService.ServicePlanService.getAAtpPlans] Fetching AATP plans networkId=16 types=2
[2026-05-12T12:26:40.761] [TarrifBuilder] [INFO ]  [com.xius.TariffBuilder.config.ApiLogger.doFilterInternal] ------------ handleRequest ------------
[2026-05-12T12:26:40.761] [TarrifBuilder] [INFO ]  [com.xius.TariffBuilder.config.ApiLogger.doFilterInternal] POST
[2026-05-12T12:26:40.761] [TarrifBuilder] [INFO ]  [com.xius.TariffBuilder.config.ApiLogger.doFilterInternal] /description
[2026-05-12T12:26:40.761] [TarrifBuilder] [INFO ]  [com.xius.TariffBuilder.config.ApiLogger.doFilterInternal] 10.10.21.49
[2026-05-12T12:26:40.870] [TarrifBuilder] [INFO ]  [com.xius.TariffBuilder.UserService.ServicePackageService.getDescription] getDescription called servicePackageId=1968 networkId=16
[2026-05-12T12:26:40.986] [TarrifBuilder] [INFO ]  [com.xius.TariffBuilder.UserService.ServicePackageService.getDescription] Description fetched successfully
[2026-05-12T12:26:41.003] [TarrifBuilder] [INFO ]  [com.xius.TariffBuilder.config.ApiLogger.doFilterInternal] Request Payload {"networkId":"16","servicePackageId":"1968"}
[2026-05-12T12:26:41.005] [TarrifBuilder] [INFO ]  [com.xius.TariffBuilder.config.ApiLogger.doFilterInternal] 200
[2026-05-12T12:26:41.005] [TarrifBuilder] [INFO ]  [com.xius.TariffBuilder.config.ApiLogger.doFilterInternal] Response Payload {"description":"50 SMS"}
[2026-05-12T12:26:41.005] [TarrifBuilder] [INFO ]  [com.xius.TariffBuilder.config.ApiLogger.doFilterInternal] Execution time 242 ms
[2026-05-12T12:26:41.005] [TarrifBuilder] [INFO ]  [com.xius.TariffBuilder.config.ApiLogger.doFilterInternal] ------------ handleResponse ------------
[2026-05-12T12:26:41.557] [TarrifBuilder] [INFO ]  [com.xius.TariffBuilder.config.ApiLogger.doFilterInternal] ------------ handleRequest ------------
[2026-05-12T12:26:41.557] [TarrifBuilder] [INFO ]  [com.xius.TariffBuilder.config.ApiLogger.doFilterInternal] POST
[2026-05-12T12:26:41.557] [TarrifBuilder] [INFO ]  [com.xius.TariffBuilder.config.ApiLogger.doFilterInternal] /description
[2026-05-12T12:26:41.557] [TarrifBuilder] [INFO ]  [com.xius.TariffBuilder.config.ApiLogger.doFilterInternal] 10.10.21.49
[2026-05-12T12:26:41.557] [TarrifBuilder] [INFO ]  [com.xius.TariffBuilder.UserService.ServicePackageService.getDescription] getDescription called servicePackageId=1969 networkId=16
[2026-05-12T12:26:41.669] [TarrifBuilder] [INFO ]  [com.xius.TariffBuilder.UserService.ServicePackageService.getDescription] Description fetched successfully
[2026-05-12T12:26:41.679] [TarrifBuilder] [INFO ]  [com.xius.TariffBuilder.config.ApiLogger.doFilterInternal] Request Payload {"networkId":"16","servicePackageId":"1969"}
[2026-05-12T12:26:41.679] [TarrifBuilder] [INFO ]  [com.xius.TariffBuilder.config.ApiLogger.doFilterInternal] 200
[2026-05-12T12:26:41.679] [TarrifBuilder] [INFO ]  [com.xius.TariffBuilder.config.ApiLogger.doFilterInternal] Response Payload {"description":"30 MB DATA"}
[2026-05-12T12:26:41.680] [TarrifBuilder] [INFO ]  [com.xius.TariffBuilder.config.ApiLogger.doFilterInternal] Execution time 122 ms
[2026-05-12T12:26:41.680] [TarrifBuilder] [INFO ]  [com.xius.TariffBuilder.config.ApiLogger.doFilterInternal] ------------ handleResponse ------------
[2026-05-12T12:26:51.973] [TarrifBuilder] [INFO ]  [com.xius.TariffBuilder.Controller.BuilderController.step5] Opening step5
[2026-05-12T12:27:08.952] [TarrifBuilder] [INFO ]  [com.xius.TariffBuilder.config.ApiLogger.doFilterInternal] ------------ handleRequest ------------
[2026-05-12T12:27:08.952] [TarrifBuilder] [INFO ]  [com.xius.TariffBuilder.config.ApiLogger.doFilterInternal] POST
[2026-05-12T12:27:08.952] [TarrifBuilder] [INFO ]  [com.xius.TariffBuilder.config.ApiLogger.doFilterInternal] /prepareSaveConfig
[2026-05-12T12:27:08.952] [TarrifBuilder] [INFO ]  [com.xius.TariffBuilder.config.ApiLogger.doFilterInternal] 10.10.21.49
[2026-05-12T12:27:08.952] [TarrifBuilder] [INFO ]  [com.xius.TariffBuilder.Controller.BuilderController.prepareSaveConfig] Prepare config called username=USER1 networkId=16
[2026-05-12T12:27:08.952] [TarrifBuilder] [INFO ]  [com.xius.TariffBuilder.UserService.SaveConfigService.prepareConfig] Preparing config for user=USER1 networkId=16
[2026-05-12T12:27:08.986] [TarrifBuilder] [INFO ]  [com.xius.TariffBuilder.UserService.SaveConfigService.prepareConfig] Storing config tpName=test_a username=USER1 networkId=16
[2026-05-12T12:27:08.986] [TarrifBuilder] [INFO ]  [com.xius.TariffBuilder.util.JsonStorage.store] Storing JSON tpName=test_a
[2026-05-12T12:27:09.049] [TarrifBuilder] [INFO ]  [com.xius.TariffBuilder.util.JsonStorage.store] JSON stored successfully test_a
[2026-05-12T12:27:09.049] [TarrifBuilder] [INFO ]  [com.xius.TariffBuilder.UserService.SaveConfigService.prepareConfig] Config prepared successfully tpName=test_a username=USER1 networkId=16
[2026-05-12T12:27:09.051] [TarrifBuilder] [INFO ]  [com.xius.TariffBuilder.Controller.BuilderController.prepareSaveConfig] Prepare config completed
[2026-05-12T12:27:09.053] [TarrifBuilder] [INFO ]  [com.xius.TariffBuilder.config.ApiLogger.doFilterInternal] Request Payload {"username":"USER1","isUpdate":false,"submittedOn":"12 May 2026","packageType":"POSTPAID","tariffPackCategory":"NORMAL","tariffPackageDesc":"test_a","charge":"665","endDate":"05/21/2026","publicityId":"p0004","chargeId":"test_a_PR","isCorporateYn":true,"tariffPlanId":1745,"tariffPlanName":"MI MUNDO S_DA","selectedSvcs_s2":"[\"DATA\"]","selectedSvcs_s3":"[]","selectedSvcs_s4":"[\"SMS\"]","defaultAtps":[],"allowedAtps":[{"servicePackageId":1968,"chargeId":"test_a_PR","packageName":"MI MUNDO_T1","validity":"Monthly","midnightExpiry":"No","renewal":"Yes","rental":"99","maxCount":"787","freeCycles":"676"}]}
[2026-05-12T12:27:09.058] [TarrifBuilder] [INFO ]  [com.xius.TariffBuilder.config.ApiLogger.doFilterInternal] 200
[2026-05-12T12:27:09.058] [TarrifBuilder] [INFO ]  [com.xius.TariffBuilder.config.ApiLogger.doFilterInternal] Response Payload {"tpName":"test_a","message":"Tariff Package created successfully, test_a"}
[2026-05-12T12:27:09.058] [TarrifBuilder] [INFO ]  [com.xius.TariffBuilder.config.ApiLogger.doFilterInternal] Execution time 101 ms
[2026-05-12T12:27:09.058] [TarrifBuilder] [INFO ]  [com.xius.TariffBuilder.config.ApiLogger.doFilterInternal] ------------ handleResponse ------------
[2026-05-12T12:27:11.276] [TarrifBuilder] [INFO ]  [com.xius.TariffBuilder.Controller.BuilderController.step1] Opening step1
[2026-05-12T12:27:14.537] [TarrifBuilder] [INFO ]  [com.xius.TariffBuilder.Controller.BuilderController.adminPage] Opening admin page
[2026-05-12T12:27:14.538] [TarrifBuilder] [INFO ]  [com.xius.TariffBuilder.UserService.TariffService.getTariffPackages] Fetching Tariff Package names from JSON
[2026-05-12T12:27:14.539] [TarrifBuilder] [INFO ]  [com.xius.TariffBuilder.Controller.BuilderController.adminPage] Fetching TP list for admin user=USER1 networkId=16
[2026-05-12T12:27:14.539] [TarrifBuilder] [INFO ]  [com.xius.TariffBuilder.Controller.BuilderController.adminPage] TP list response size=4
[2026-05-12T12:27:16.358] [TarrifBuilder] [INFO ]  [com.xius.TariffBuilder.config.ApiLogger.doFilterInternal] ------------ handleRequest ------------
[2026-05-12T12:27:16.358] [TarrifBuilder] [INFO ]  [com.xius.TariffBuilder.config.ApiLogger.doFilterInternal] GET
[2026-05-12T12:27:16.358] [TarrifBuilder] [INFO ]  [com.xius.TariffBuilder.config.ApiLogger.doFilterInternal] /admin/hierarchy/test_a
[2026-05-12T12:27:16.358] [TarrifBuilder] [INFO ]  [com.xius.TariffBuilder.config.ApiLogger.doFilterInternal] 10.10.21.49
[2026-05-12T12:27:16.358] [TarrifBuilder] [INFO ]  [com.xius.TariffBuilder.UserService.TariffService.getHierarchy] Fetching hierarchy for tpName=test_a
[2026-05-12T12:27:16.358] [TarrifBuilder] [INFO ]  [com.xius.TariffBuilder.util.JsonStorage.getTpData] Fetching JSON for test_a
[2026-05-12T12:27:16.365] [TarrifBuilder] [INFO ]  [com.xius.TariffBuilder.config.ApiLogger.doFilterInternal] 200
[2026-05-12T12:27:16.365] [TarrifBuilder] [INFO ]  [com.xius.TariffBuilder.config.ApiLogger.doFilterInternal] Response Payload {"tpName":"test_a","username":"USER1","networkId":16,"data":{"username":"USER1","isUpdate":false,"submittedOn":"12 May 2026","packageType":"POSTPAID","tariffPackCategory":"NORMAL","tariffPackageDesc":"test_a","charge":"665","endDate":"05/21/2026","publicityId":"p0004","chargeId":"test_a_PR","isCorporateYn":true,"tariffPlanId":1745,"tariffPlanName":"MI MUNDO S_DA","selectedSvcs_s2":"[\"DATA\"]","selectedSvcs_s3":"[]","selectedSvcs_s4":"[\"SMS\"]","defaultAtps":[],"allowedAtps":[{"servicePackageId":1968,"chargeId":"test_a_PR","packageName":"MI MUNDO_T1","validity":"Monthly","midnightExpiry":"No","renewal":"Yes","rental":"99","maxCount":"787","freeCycles":"676"}]}}
[2026-05-12T12:27:16.365] [TarrifBuilder] [INFO ]  [com.xius.TariffBuilder.config.ApiLogger.doFilterInternal] Execution time 7 ms
[2026-05-12T12:27:16.365] [TarrifBuilder] [INFO ]  [com.xius.TariffBuilder.config.ApiLogger.doFilterInternal] ------------ handleResponse ------------
[2026-05-12T12:27:23.630] [TarrifBuilder] [INFO ]  [com.xius.TariffBuilder.config.ApiLogger.doFilterInternal] ------------ handleRequest ------------
[2026-05-12T12:27:23.631] [TarrifBuilder] [INFO ]  [com.xius.TariffBuilder.config.ApiLogger.doFilterInternal] POST
[2026-05-12T12:27:23.631] [TarrifBuilder] [INFO ]  [com.xius.TariffBuilder.config.ApiLogger.doFilterInternal] /approve/test_a
[2026-05-12T12:27:23.631] [TarrifBuilder] [INFO ]  [com.xius.TariffBuilder.config.ApiLogger.doFilterInternal] 10.10.21.49
[2026-05-12T12:27:23.706] [TarrifBuilder] [INFO ]  [com.xius.TariffBuilder.UserService.TariffApprovalService.approve] Approve request received tpName=test_a
[2026-05-12T12:27:23.707] [TarrifBuilder] [INFO ]  [com.xius.TariffBuilder.util.JsonStorage.getTpData] Fetching JSON for test_a
[2026-05-12T12:27:23.708] [TarrifBuilder] [INFO ]  [com.xius.TariffBuilder.UserService.TariffApprovalService.approve] Approve request payload tpName=test_a networkId=16 username=USER1
[2026-05-12T12:27:23.805] [TarrifBuilder] [INFO ]  [com.xius.TariffBuilder.UserService.TariffApprovalService.approve] ATP presence check hasDefaultAtps=false hasAllowedAtps=true hasAnyAtps=true
[2026-05-12T12:27:23.919] [TarrifBuilder] [INFO ]  [com.xius.TariffBuilder.UserService.TariffApprovalService.approve] Old mapping oldPlanId=1083 oldPlanZoneId=null oldBucketId=T1968 oldBucketZoneId=0
[2026-05-12T12:27:23.995] [TarrifBuilder] [INFO ]  [com.xius.TariffBuilder.UserService.ServiceplanZone.cloneZoneIfExists] Zone clone skipped oldZoneId=null newZoneId=920
[2026-05-12T12:27:24.188] [TarrifBuilder] [INFO ]  [com.xius.TariffBuilder.UserService.ServiceplanZone.cloneZoneIfExists] Old zone id 0 not found in zone tables. Skipping zone clone.
[2026-05-12T12:27:24.189] [TarrifBuilder] [INFO ]  [com.xius.TariffBuilder.UserService.ServiceCloneService.cloneService] Clone service started networkId=16 servicePackageId=1745 tpName=test_a newPlanZoneId=920
[2026-05-12T12:27:24.352] [TarrifBuilder] [INFO ]  [com.xius.TariffBuilder.UserService.ServiceCloneService.cloneService] Service plan cloned oldPlanId=1083 newPlanId=1402 newPackageId=2267
[2026-05-12T12:27:24.352] [TarrifBuilder] [INFO ]  [com.xius.TariffBuilder.UserService.ServiceCloneService.cloneService] Clone service completed newPackageId=2267 lastNewPlanId=1402
[2026-05-12T12:27:24.352] [TarrifBuilder] [INFO ]  [com.xius.TariffBuilder.UserService.TariffApprovalService.approve] Base service cloned newServicePackageId=2267 newServicePlanId=1402
[2026-05-12T12:27:24.352] [TarrifBuilder] [INFO ]  [com.xius.TariffBuilder.UserService.TariffApprovalService.approve] After default ATPs defaultAtpIds=[]
[2026-05-12T12:27:24.352] [TarrifBuilder] [INFO ]  [com.xius.TariffBuilder.UserService.TariffApprovalService.approve] Allowed ATP count=1
[2026-05-12T12:27:24.360] [TarrifBuilder] [INFO ]  [com.xius.TariffBuilder.UserService.BundleService.cloneAtpData] ATP clone started atpId=1968 networkId=16 tpName=test_a newBucketZoneId=920
[2026-05-12T12:27:24.746] [TarrifBuilder] [INFO ]  [com.xius.TariffBuilder.UserService.BundleService.cloneAtpData] Bucket cloned oldBucketId=T1968 newBucketId=T2083 newBucketZoneId=920
[2026-05-12T12:27:24.753] [TarrifBuilder] [INFO ]  [com.xius.TariffBuilder.UserService.BundleService.cloneAtpData] ATP clone completed oldAtpId=1968 newAtpId=2268
[2026-05-12T12:27:24.753] [TarrifBuilder] [INFO ]  [com.xius.TariffBuilder.UserService.TariffApprovalService.approve] Allowed ATP cloned oldAtpId=1968 newAtpId=2268
[2026-05-12T12:27:24.753] [TarrifBuilder] [INFO ]  [com.xius.TariffBuilder.UserService.TariffApprovalService.approve] Final defaultAtpIds for DATP mapping=[]
[2026-05-12T12:27:24.761] [TarrifBuilder] [INFO ]  [com.xius.TariffBuilder.UserService.TariffApprovalService.approve] Final allowedAtpIds for AATP mapping=[2268]
[2026-05-12T12:27:24.770] [TarrifBuilder] [INFO ]  [com.xius.TariffBuilder.UserService.TariffApprovalService.insertPeriodicCharge] Default ATP not available. Skipping periodic charge.
[2026-05-12T12:27:24.936] [TarrifBuilder] [INFO ]  [com.xius.TariffBuilder.util.JsonStorage.writeAll] json updated
[2026-05-12T12:27:24.936] [TarrifBuilder] [INFO ]  [com.xius.TariffBuilder.UserService.TariffApprovalService.removeFromJson] TP removed from json storage tpName=test_a
[2026-05-12T12:27:24.936] [TarrifBuilder] [INFO ]  [com.xius.TariffBuilder.UserService.TariffApprovalService.approve] Tariff approved tariffId=1463 executionTime=1230ms
[2026-05-12T12:27:25.002] [TarrifBuilder] [INFO ]  [com.xius.TariffBuilder.config.ApiLogger.doFilterInternal] 200
[2026-05-12T12:27:25.002] [TarrifBuilder] [INFO ]  [com.xius.TariffBuilder.config.ApiLogger.doFilterInternal] Response Payload {"newPlanZoneId":920,"tariffPackageId":1463,"newServicePackageId":2267,"newServicePlanId":1402,"newBucketZoneId":920,"newAtpIds":[2268]}
[2026-05-12T12:27:25.002] [TarrifBuilder] [INFO ]  [com.xius.TariffBuilder.config.ApiLogger.doFilterInternal] Execution time 1372 ms
[2026-05-12T12:27:25.002] [TarrifBuilder] [INFO ]  [com.xius.TariffBuilder.config.ApiLogger.doFilterInternal] ------------ handleResponse ------------
[2026-05-12T12:27:31.043] [TarrifBuilder] [INFO ]  [com.xius.TariffBuilder.Controller.BuilderController.adminPage] Opening admin page
[2026-05-12T12:27:31.044] [TarrifBuilder] [INFO ]  [com.xius.TariffBuilder.UserService.TariffService.getTariffPackages] Fetching Tariff Package names from JSON
[2026-05-12T12:27:31.047] [TarrifBuilder] [INFO ]  [com.xius.TariffBuilder.Controller.BuilderController.adminPage] Fetching TP list for admin user=USER1 networkId=16
[2026-05-12T12:27:31.048] [TarrifBuilder] [INFO ]  [com.xius.TariffBuilder.Controller.BuilderController.adminPage] TP list response size=3
[2026-05-12T12:27:40.611] [TarrifBuilder] [INFO ]  [com.xius.TariffBuilder.Controller.BuilderController.step1] Opening step1
[2026-05-12T12:29:31.037] [TarrifBuilder] [INFO ]  [com.xius.TariffBuilder.Controller.BuilderController.step2] Opening step2
[2026-05-12T12:29:32.520] [TarrifBuilder] [INFO ]  [com.xius.TariffBuilder.Controller.BuilderController.getTpPlans] Fetching TP plans networkId=16 types=2
[2026-05-12T12:29:32.520] [TarrifBuilder] [INFO ]  [com.xius.TariffBuilder.UserService.ServicePlanService.getPlans] Fetching TP plans networkId=16 types=2
[2026-05-12T12:29:37.756] [TarrifBuilder] [INFO ]  [com.xius.TariffBuilder.Controller.BuilderController.step3] Opening step3
[2026-05-12T12:29:41.163] [TarrifBuilder] [INFO ]  [com.xius.TariffBuilder.Controller.BuilderController.step4] Opening step4
[2026-05-12T12:29:41.722] [TarrifBuilder] [INFO ]  [com.xius.TariffBuilder.Controller.BuilderController.step5] Opening step5
[2026-05-12T12:30:10.604] [TarrifBuilder] [INFO ]  [com.xius.TariffBuilder.config.ApiLogger.doFilterInternal] ------------ handleRequest ------------
[2026-05-12T12:30:10.618] [TarrifBuilder] [INFO ]  [com.xius.TariffBuilder.config.ApiLogger.doFilterInternal] POST
[2026-05-12T12:30:10.618] [TarrifBuilder] [INFO ]  [com.xius.TariffBuilder.config.ApiLogger.doFilterInternal] /prepareSaveConfig
[2026-05-12T12:30:10.618] [TarrifBuilder] [INFO ]  [com.xius.TariffBuilder.config.ApiLogger.doFilterInternal] 10.10.21.49
[2026-05-12T12:30:10.618] [TarrifBuilder] [INFO ]  [com.xius.TariffBuilder.Controller.BuilderController.prepareSaveConfig] Prepare config called username=USER1 networkId=16
[2026-05-12T12:30:10.618] [TarrifBuilder] [INFO ]  [com.xius.TariffBuilder.UserService.SaveConfigService.prepareConfig] Preparing config for user=USER1 networkId=16
[2026-05-12T12:30:10.676] [TarrifBuilder] [INFO ]  [com.xius.TariffBuilder.UserService.SaveConfigService.prepareConfig] Storing config tpName=test_e username=USER1 networkId=16
[2026-05-12T12:30:10.676] [TarrifBuilder] [INFO ]  [com.xius.TariffBuilder.util.JsonStorage.store] Storing JSON tpName=test_e
[2026-05-12T12:30:10.689] [TarrifBuilder] [INFO ]  [com.xius.TariffBuilder.util.JsonStorage.store] JSON stored successfully test_e
[2026-05-12T12:30:10.689] [TarrifBuilder] [INFO ]  [com.xius.TariffBuilder.UserService.SaveConfigService.prepareConfig] Config prepared successfully tpName=test_e username=USER1 networkId=16
[2026-05-12T12:30:10.689] [TarrifBuilder] [INFO ]  [com.xius.TariffBuilder.Controller.BuilderController.prepareSaveConfig] Prepare config completed
[2026-05-12T12:30:10.701] [TarrifBuilder] [INFO ]  [com.xius.TariffBuilder.config.ApiLogger.doFilterInternal] Request Payload {"username":"USER1","isUpdate":false,"submittedOn":"12 May 2026","packageType":"PREPAID","tariffPackCategory":"NORMAL","tariffPackageDesc":"test_e","charge":"77","endDate":"05/29/2026","publicityId":"p0005","chargeId":"test_e_PR","isCorporateYn":true,"tariffPlanId":2027,"tariffPlanName":"MI MUNDO L_S1","selectedSvcs_s2":"[\"SMS\"]","selectedSvcs_s3":"[]","selectedSvcs_s4":"[]","defaultAtps":[],"allowedAtps":[]}
[2026-05-12T12:30:10.701] [TarrifBuilder] [INFO ]  [com.xius.TariffBuilder.config.ApiLogger.doFilterInternal] 200
[2026-05-12T12:30:10.701] [TarrifBuilder] [INFO ]  [com.xius.TariffBuilder.config.ApiLogger.doFilterInternal] Response Payload {"tpName":"test_e","message":"Tariff Package created successfully, test_e"}
[2026-05-12T12:30:10.701] [TarrifBuilder] [INFO ]  [com.xius.TariffBuilder.config.ApiLogger.doFilterInternal] Execution time 97 ms
[2026-05-12T12:30:10.701] [TarrifBuilder] [INFO ]  [com.xius.TariffBuilder.config.ApiLogger.doFilterInternal] ------------ handleResponse ------------
[2026-05-12T12:30:12.494] [TarrifBuilder] [INFO ]  [com.xius.TariffBuilder.Controller.BuilderController.step1] Opening step1
[2026-05-12T12:30:13.955] [TarrifBuilder] [INFO ]  [com.xius.TariffBuilder.Controller.BuilderController.adminPage] Opening admin page
[2026-05-12T12:30:13.956] [TarrifBuilder] [INFO ]  [com.xius.TariffBuilder.UserService.TariffService.getTariffPackages] Fetching Tariff Package names from JSON
[2026-05-12T12:30:13.958] [TarrifBuilder] [INFO ]  [com.xius.TariffBuilder.Controller.BuilderController.adminPage] Fetching TP list for admin user=USER1 networkId=16
[2026-05-12T12:30:13.958] [TarrifBuilder] [INFO ]  [com.xius.TariffBuilder.Controller.BuilderController.adminPage] TP list response size=4
[2026-05-12T12:30:17.498] [TarrifBuilder] [INFO ]  [com.xius.TariffBuilder.config.ApiLogger.doFilterInternal] ------------ handleRequest ------------
[2026-05-12T12:30:17.498] [TarrifBuilder] [INFO ]  [com.xius.TariffBuilder.config.ApiLogger.doFilterInternal] GET
[2026-05-12T12:30:17.498] [TarrifBuilder] [INFO ]  [com.xius.TariffBuilder.config.ApiLogger.doFilterInternal] /admin/hierarchy/Test_today
[2026-05-12T12:30:17.498] [TarrifBuilder] [INFO ]  [com.xius.TariffBuilder.config.ApiLogger.doFilterInternal] 10.10.21.49
[2026-05-12T12:30:17.502] [TarrifBuilder] [INFO ]  [com.xius.TariffBuilder.UserService.TariffService.getHierarchy] Fetching hierarchy for tpName=Test_today
[2026-05-12T12:30:17.503] [TarrifBuilder] [INFO ]  [com.xius.TariffBuilder.util.JsonStorage.getTpData] Fetching JSON for Test_today
[2026-05-12T12:30:17.507] [TarrifBuilder] [INFO ]  [com.xius.TariffBuilder.config.ApiLogger.doFilterInternal] 200
[2026-05-12T12:30:17.507] [TarrifBuilder] [INFO ]  [com.xius.TariffBuilder.config.ApiLogger.doFilterInternal] Response Payload {"tpName":"Test_today","username":"USER1","networkId":16,"data":{"username":"USER1","isUpdate":false,"submittedOn":"06 May 2026","packageType":"PREPAID","tariffPackCategory":"COMMERCIAL","tariffPackageDesc":"Test_today","charge":"0","endDate":"04/04/2027","publicityId":"testD","chargeId":"Test_today_PR","isCorporateYn":false,"tariffPlanId":1743,"tariffPlanName":"MI MUNDO S_V","selectedSvcs_s2":"[\"VOICE\"]","selectedSvcs_s3":"[\"VOICE\"]","selectedSvcs_s4":"[]","defaultAtps":[],"allowedAtps":[]}}
[2026-05-12T12:30:17.507] [TarrifBuilder] [INFO ]  [com.xius.TariffBuilder.config.ApiLogger.doFilterInternal] Execution time 10 ms
[2026-05-12T12:30:17.509] [TarrifBuilder] [INFO ]  [com.xius.TariffBuilder.config.ApiLogger.doFilterInternal] ------------ handleResponse ------------
[2026-05-12T12:30:21.447] [TarrifBuilder] [INFO ]  [com.xius.TariffBuilder.config.ApiLogger.doFilterInternal] ------------ handleRequest ------------
[2026-05-12T12:30:21.447] [TarrifBuilder] [INFO ]  [com.xius.TariffBuilder.config.ApiLogger.doFilterInternal] GET
[2026-05-12T12:30:21.447] [TarrifBuilder] [INFO ]  [com.xius.TariffBuilder.config.ApiLogger.doFilterInternal] /admin/hierarchy/test_e
[2026-05-12T12:30:21.447] [TarrifBuilder] [INFO ]  [com.xius.TariffBuilder.config.ApiLogger.doFilterInternal] 10.10.21.49
[2026-05-12T12:30:21.450] [TarrifBuilder] [INFO ]  [com.xius.TariffBuilder.UserService.TariffService.getHierarchy] Fetching hierarchy for tpName=test_e
[2026-05-12T12:30:21.450] [TarrifBuilder] [INFO ]  [com.xius.TariffBuilder.util.JsonStorage.getTpData] Fetching JSON for test_e
[2026-05-12T12:30:21.456] [TarrifBuilder] [INFO ]  [com.xius.TariffBuilder.config.ApiLogger.doFilterInternal] 200
[2026-05-12T12:30:21.458] [TarrifBuilder] [INFO ]  [com.xius.TariffBuilder.config.ApiLogger.doFilterInternal] Response Payload {"tpName":"test_e","username":"USER1","networkId":16,"data":{"username":"USER1","isUpdate":false,"submittedOn":"12 May 2026","packageType":"PREPAID","tariffPackCategory":"NORMAL","tariffPackageDesc":"test_e","charge":"77","endDate":"05/29/2026","publicityId":"p0005","chargeId":"test_e_PR","isCorporateYn":true,"tariffPlanId":2027,"tariffPlanName":"MI MUNDO L_S1","selectedSvcs_s2":"[\"SMS\"]","selectedSvcs_s3":"[]","selectedSvcs_s4":"[]","defaultAtps":[],"allowedAtps":[]}}
[2026-05-12T12:30:21.458] [TarrifBuilder] [INFO ]  [com.xius.TariffBuilder.config.ApiLogger.doFilterInternal] Execution time 10 ms
[2026-05-12T12:30:21.458] [TarrifBuilder] [INFO ]  [com.xius.TariffBuilder.config.ApiLogger.doFilterInternal] ------------ handleResponse ------------
[2026-05-12T12:30:25.791] [TarrifBuilder] [INFO ]  [com.xius.TariffBuilder.config.ApiLogger.doFilterInternal] ------------ handleRequest ------------
[2026-05-12T12:30:25.791] [TarrifBuilder] [INFO ]  [com.xius.TariffBuilder.config.ApiLogger.doFilterInternal] POST
[2026-05-12T12:30:25.792] [TarrifBuilder] [INFO ]  [com.xius.TariffBuilder.config.ApiLogger.doFilterInternal] /approve/test_e
[2026-05-12T12:30:25.792] [TarrifBuilder] [INFO ]  [com.xius.TariffBuilder.config.ApiLogger.doFilterInternal] 10.10.21.49
[2026-05-12T12:30:25.808] [TarrifBuilder] [INFO ]  [com.xius.TariffBuilder.UserService.TariffApprovalService.approve] Approve request received tpName=test_e
[2026-05-12T12:30:25.817] [TarrifBuilder] [INFO ]  [com.xius.TariffBuilder.util.JsonStorage.getTpData] Fetching JSON for test_e
[2026-05-12T12:30:25.821] [TarrifBuilder] [INFO ]  [com.xius.TariffBuilder.UserService.TariffApprovalService.approve] Approve request payload tpName=test_e networkId=16 username=USER1
[2026-05-12T12:30:27.007] [TarrifBuilder] [INFO ]  [com.xius.TariffBuilder.UserService.TariffApprovalService.approve] ATP presence check hasDefaultAtps=false hasAllowedAtps=false hasAnyAtps=false
[2026-05-12T12:30:27.014] [TarrifBuilder] [INFO ]  [com.xius.TariffBuilder.UserService.TariffApprovalService.approve] No ATPs present. Skipping bucket zone resolution. oldPlanId=1084 oldPlanZoneId=805
[2026-05-12T12:30:27.115] [TarrifBuilder] [INFO ]  [com.xius.TariffBuilder.UserService.ServiceplanZone.cloneZoneIfExists] CS_RAT_ZONE_GROUPS cloned oldZoneId=805 newZoneId=920
[2026-05-12T12:30:28.771] [TarrifBuilder] [INFO ]  [com.xius.TariffBuilder.UserService.ServiceplanZone.cloneZoneIfExists] Zone clone completed oldZoneId=805 newZoneId=920
[2026-05-12T12:30:28.771] [TarrifBuilder] [INFO ]  [com.xius.TariffBuilder.UserService.TariffApprovalService.approve] No ATPs present. Plan zone resolved newPlanZoneId=920. newBucketZoneId=null.
[2026-05-12T12:30:28.783] [TarrifBuilder] [INFO ]  [com.xius.TariffBuilder.UserService.ServiceCloneService.cloneService] Clone service started networkId=16 servicePackageId=2027 tpName=test_e newPlanZoneId=920
[2026-05-12T12:30:29.042] [TarrifBuilder] [INFO ]  [com.xius.TariffBuilder.UserService.ServiceCloneService.cloneService] Service plan cloned oldPlanId=1084 newPlanId=1403 newPackageId=2269
[2026-05-12T12:30:29.146] [TarrifBuilder] [INFO ]  [com.xius.TariffBuilder.UserService.ServiceCloneService.cloneService] Service plan cloned oldPlanId=1081 newPlanId=1404 newPackageId=2269
[2026-05-12T12:30:29.146] [TarrifBuilder] [INFO ]  [com.xius.TariffBuilder.UserService.ServiceCloneService.cloneService] Clone service completed newPackageId=2269 lastNewPlanId=1404
[2026-05-12T12:30:29.146] [TarrifBuilder] [INFO ]  [com.xius.TariffBuilder.UserService.TariffApprovalService.approve] Base service cloned newServicePackageId=2269 newServicePlanId=1404
[2026-05-12T12:30:29.146] [TarrifBuilder] [INFO ]  [com.xius.TariffBuilder.UserService.TariffApprovalService.approve] No ATPs present. Skipping bundle and bucket clone.
[2026-05-12T12:30:29.146] [TarrifBuilder] [INFO ]  [com.xius.TariffBuilder.UserService.TariffApprovalService.approve] Final defaultAtpIds for DATP mapping=[]
[2026-05-12T12:30:29.146] [TarrifBuilder] [INFO ]  [com.xius.TariffBuilder.UserService.TariffApprovalService.approve] Final allowedAtpIds for AATP mapping=[]
[2026-05-12T12:30:29.178] [TarrifBuilder] [INFO ]  [com.xius.TariffBuilder.UserService.TariffApprovalService.insertPeriodicCharge] Default ATP not available. Skipping periodic charge.
[2026-05-12T12:30:29.275] [TarrifBuilder] [INFO ]  [com.xius.TariffBuilder.util.JsonStorage.writeAll] json updated
[2026-05-12T12:30:29.275] [TarrifBuilder] [INFO ]  [com.xius.TariffBuilder.UserService.TariffApprovalService.removeFromJson] TP removed from json storage tpName=test_e
[2026-05-12T12:30:29.275] [TarrifBuilder] [INFO ]  [com.xius.TariffBuilder.UserService.TariffApprovalService.approve] Tariff approved tariffId=1464 executionTime=3467ms
[2026-05-12T12:30:29.283] [TarrifBuilder] [ERROR]  [com.xius.TariffBuilder.UserService.TariffApprovalService.approve] Tariff creation failed tpName=test_e error=null
java.lang.NullPointerException
	at java.base/java.util.Objects.requireNonNull(Objects.java:233)
	at java.base/java.util.ImmutableCollections$MapN.<init>(ImmutableCollections.java:1193)
	at java.base/java.util.Map.of(Map.java:1486)
	at com.xius.TariffBuilder.UserService.TariffApprovalService.approve(TariffApprovalService.java:829)
	at java.base/jdk.internal.reflect.DirectMethodHandleAccessor.invoke(DirectMethodHandleAccessor.java:103)
	at java.base/java.lang.reflect.Method.invoke(Method.java:580)
	at org.springframework.aop.support.AopUtils.invokeJoinpointUsingReflection(AopUtils.java:359)
	at org.springframework.aop.framework.ReflectiveMethodInvocation.invokeJoinpoint(ReflectiveMethodInvocation.java:190)
	at org.springframework.aop.framework.ReflectiveMethodInvocation.proceed(ReflectiveMethodInvocation.java:158)
	at org.springframework.transaction.interceptor.TransactionInterceptor$1.proceedWithInvocation(TransactionInterceptor.java:133)
	at org.springframework.transaction.interceptor.TransactionAspectSupport.invokeWithinTransaction(TransactionAspectSupport.java:371)
	at org.springframework.transaction.interceptor.TransactionInterceptor.invoke(TransactionInterceptor.java:130)
	at org.springframework.aop.framework.ReflectiveMethodInvocation.proceed(ReflectiveMethodInvocation.java:179)
	at org.springframework.aop.framework.CglibAopProxy$DynamicAdvisedInterceptor.intercept(CglibAopProxy.java:719)
	at com.xius.TariffBuilder.UserService.TariffApprovalService$$SpringCGLIB$$0.approve(<generated>)
	at com.xius.TariffBuilder.Controller.BuilderController.approve(BuilderController.java:439)
	at java.base/jdk.internal.reflect.DirectMethodHandleAccessor.invoke(DirectMethodHandleAccessor.java:103)
	at java.base/java.lang.reflect.Method.invoke(Method.java:580)
	at org.springframework.web.method.support.InvocableHandlerMethod.doInvoke(InvocableHandlerMethod.java:252)
	at org.springframework.web.method.support.InvocableHandlerMethod.invokeForRequest(InvocableHandlerMethod.java:184)
	at org.springframework.web.servlet.mvc.method.annotation.ServletInvocableHandlerMethod.invokeAndHandle(ServletInvocableHandlerMethod.java:117)
	at org.springframework.web.servlet.mvc.method.annotation.RequestMappingHandlerAdapter.invokeHandlerMethod(RequestMappingHandlerAdapter.java:934)
	at org.springframework.web.servlet.mvc.method.annotation.RequestMappingHandlerAdapter.handleInternal(RequestMappingHandlerAdapter.java:853)
	at org.springframework.web.servlet.mvc.method.AbstractHandlerMethodAdapter.handle(AbstractHandlerMethodAdapter.java:86)
	at org.springframework.web.servlet.DispatcherServlet.doDispatch(DispatcherServlet.java:963)
	at org.springframework.web.servlet.DispatcherServlet.doService(DispatcherServlet.java:866)
	at org.springframework.web.servlet.FrameworkServlet.processRequest(FrameworkServlet.java:1000)
	at org.springframework.web.servlet.FrameworkServlet.doPost(FrameworkServlet.java:903)
	at jakarta.servlet.http.HttpServlet.service(HttpServlet.java:649)
	at org.springframework.web.servlet.FrameworkServlet.service(FrameworkServlet.java:874)
	at jakarta.servlet.http.HttpServlet.service(HttpServlet.java:710)
	at org.apache.catalina.core.ApplicationFilterChain.doFilter(ApplicationFilterChain.java:128)
	at org.apache.tomcat.websocket.server.WsFilter.doFilter(WsFilter.java:53)
	at org.apache.catalina.core.ApplicationFilterChain.doFilter(ApplicationFilterChain.java:107)
	at com.xius.TariffBuilder.config.ApiLogger.doFilterInternal(ApiLogger.java:61)
	at org.springframework.web.filter.OncePerRequestFilter.doFilter(OncePerRequestFilter.java:116)
	at org.apache.catalina.core.ApplicationFilterChain.doFilter(ApplicationFilterChain.java:107)
	at org.springframework.web.filter.RequestContextFilter.doFilterInternal(RequestContextFilter.java:100)
	at org.springframework.web.filter.OncePerRequestFilter.doFilter(OncePerRequestFilter.java:116)
	at org.apache.catalina.core.ApplicationFilterChain.doFilter(ApplicationFilterChain.java:107)
	at org.springframework.web.filter.FormContentFilter.doFilterInternal(FormContentFilter.java:93)
	at org.springframework.web.filter.OncePerRequestFilter.doFilter(OncePerRequestFilter.java:116)
	at org.apache.catalina.core.ApplicationFilterChain.doFilter(ApplicationFilterChain.java:107)
	at org.springframework.web.filter.CharacterEncodingFilter.doFilterInternal(CharacterEncodingFilter.java:199)
	at org.springframework.web.filter.OncePerRequestFilter.doFilter(OncePerRequestFilter.java:116)
	at org.apache.catalina.core.ApplicationFilterChain.doFilter(ApplicationFilterChain.java:107)
	at org.apache.catalina.core.StandardWrapperValve.invoke(StandardWrapperValve.java:165)
	at org.apache.catalina.core.StandardContextValve.invoke(StandardContextValve.java:77)
	at org.apache.catalina.authenticator.AuthenticatorBase.invoke(AuthenticatorBase.java:492)
	at org.apache.catalina.core.StandardHostValve.invoke(StandardHostValve.java:113)
	at org.apache.catalina.valves.ErrorReportValve.invoke(ErrorReportValve.java:83)
	at org.apache.catalina.core.StandardEngineValve.invoke(StandardEngineValve.java:72)
	at org.apache.catalina.connector.CoyoteAdapter.service(CoyoteAdapter.java:341)
	at org.apache.coyote.http11.Http11Processor.service(Http11Processor.java:397)
	at org.apache.coyote.AbstractProcessorLight.process(AbstractProcessorLight.java:63)
	at org.apache.coyote.AbstractProtocol$ConnectionHandler.process(AbstractProtocol.java:903)
	at org.apache.tomcat.util.net.NioEndpoint$SocketProcessor.doRun(NioEndpoint.java:1779)
	at org.apache.tomcat.util.net.SocketProcessorBase.run(SocketProcessorBase.java:52)
	at org.apache.tomcat.util.threads.ThreadPoolExecutor.runWorker(ThreadPoolExecutor.java:946)
	at org.apache.tomcat.util.threads.ThreadPoolExecutor$Worker.run(ThreadPoolExecutor.java:480)
	at org.apache.tomcat.util.threads.TaskThread$WrappingRunnable.run(TaskThread.java:57)
	at java.base/java.lang.Thread.run(Thread.java:1583)
[2026-05-12T12:30:29.559] [TarrifBuilder] [INFO ]  [com.xius.TariffBuilder.config.ApiLogger.doFilterInternal] 200
[2026-05-12T12:30:29.559] [TarrifBuilder] [INFO ]  [com.xius.TariffBuilder.config.ApiLogger.doFilterInternal] Execution time 3768 ms
[2026-05-12T12:30:29.559] [TarrifBuilder] [INFO ]  [com.xius.TariffBuilder.config.ApiLogger.doFilterInternal] ------------ handleResponse ------------
[2026-05-12T12:30:29.574] [TarrifBuilder] [ERROR]  [org.apache.catalina.core.ContainerBase.[Tomcat].[localhost].[/].[dispatcherServlet].log] Servlet.service() for servlet [dispatcherServlet] in context with path [] threw exception [Request processing failed: java.lang.NullPointerException] with root cause
java.lang.NullPointerException
	at java.base/java.util.Objects.requireNonNull(Objects.java:233)
	at java.base/java.util.ImmutableCollections$MapN.<init>(ImmutableCollections.java:1193)
	at java.base/java.util.Map.of(Map.java:1486)
	at com.xius.TariffBuilder.UserService.TariffApprovalService.approve(TariffApprovalService.java:829)
	at java.base/jdk.internal.reflect.DirectMethodHandleAccessor.invoke(DirectMethodHandleAccessor.java:103)
	at java.base/java.lang.reflect.Method.invoke(Method.java:580)
	at org.springframework.aop.support.AopUtils.invokeJoinpointUsingReflection(AopUtils.java:359)
	at org.springframework.aop.framework.ReflectiveMethodInvocation.invokeJoinpoint(ReflectiveMethodInvocation.java:190)
	at org.springframework.aop.framework.ReflectiveMethodInvocation.proceed(ReflectiveMethodInvocation.java:158)
	at org.springframework.transaction.interceptor.TransactionInterceptor$1.proceedWithInvocation(TransactionInterceptor.java:133)
	at org.springframework.transaction.interceptor.TransactionAspectSupport.invokeWithinTransaction(TransactionAspectSupport.java:371)
	at org.springframework.transaction.interceptor.TransactionInterceptor.invoke(TransactionInterceptor.java:130)
	at org.springframework.aop.framework.ReflectiveMethodInvocation.proceed(ReflectiveMethodInvocation.java:179)
	at org.springframework.aop.framework.CglibAopProxy$DynamicAdvisedInterceptor.intercept(CglibAopProxy.java:719)
	at com.xius.TariffBuilder.UserService.TariffApprovalService$$SpringCGLIB$$0.approve(<generated>)
	at com.xius.TariffBuilder.Controller.BuilderController.approve(BuilderController.java:439)
	at java.base/jdk.internal.reflect.DirectMethodHandleAccessor.invoke(DirectMethodHandleAccessor.java:103)
	at java.base/java.lang.reflect.Method.invoke(Method.java:580)
	at org.springframework.web.method.support.InvocableHandlerMethod.doInvoke(InvocableHandlerMethod.java:252)
	at org.springframework.web.method.support.InvocableHandlerMethod.invokeForRequest(InvocableHandlerMethod.java:184)
	at org.springframework.web.servlet.mvc.method.annotation.ServletInvocableHandlerMethod.invokeAndHandle(ServletInvocableHandlerMethod.java:117)
	at org.springframework.web.servlet.mvc.method.annotation.RequestMappingHandlerAdapter.invokeHandlerMethod(RequestMappingHandlerAdapter.java:934)
	at org.springframework.web.servlet.mvc.method.annotation.RequestMappingHandlerAdapter.handleInternal(RequestMappingHandlerAdapter.java:853)
	at org.springframework.web.servlet.mvc.method.AbstractHandlerMethodAdapter.handle(AbstractHandlerMethodAdapter.java:86)
	at org.springframework.web.servlet.DispatcherServlet.doDispatch(DispatcherServlet.java:963)
	at org.springframework.web.servlet.DispatcherServlet.doService(DispatcherServlet.java:866)
	at org.springframework.web.servlet.FrameworkServlet.processRequest(FrameworkServlet.java:1000)
	at org.springframework.web.servlet.FrameworkServlet.doPost(FrameworkServlet.java:903)
	at jakarta.servlet.http.HttpServlet.service(HttpServlet.java:649)
	at org.springframework.web.servlet.FrameworkServlet.service(FrameworkServlet.java:874)
	at jakarta.servlet.http.HttpServlet.service(HttpServlet.java:710)
	at org.apache.catalina.core.ApplicationFilterChain.doFilter(ApplicationFilterChain.java:128)
	at org.apache.tomcat.websocket.server.WsFilter.doFilter(WsFilter.java:53)
	at org.apache.catalina.core.ApplicationFilterChain.doFilter(ApplicationFilterChain.java:107)
	at com.xius.TariffBuilder.config.ApiLogger.doFilterInternal(ApiLogger.java:61)
	at org.springframework.web.filter.OncePerRequestFilter.doFilter(OncePerRequestFilter.java:116)
	at org.apache.catalina.core.ApplicationFilterChain.doFilter(ApplicationFilterChain.java:107)
	at org.springframework.web.filter.RequestContextFilter.doFilterInternal(RequestContextFilter.java:100)
	at org.springframework.web.filter.OncePerRequestFilter.doFilter(OncePerRequestFilter.java:116)
	at org.apache.catalina.core.ApplicationFilterChain.doFilter(ApplicationFilterChain.java:107)
	at org.springframework.web.filter.FormContentFilter.doFilterInternal(FormContentFilter.java:93)
	at org.springframework.web.filter.OncePerRequestFilter.doFilter(OncePerRequestFilter.java:116)
	at org.apache.catalina.core.ApplicationFilterChain.doFilter(ApplicationFilterChain.java:107)
	at org.springframework.web.filter.CharacterEncodingFilter.doFilterInternal(CharacterEncodingFilter.java:199)
	at org.springframework.web.filter.OncePerRequestFilter.doFilter(OncePerRequestFilter.java:116)
	at org.apache.catalina.core.ApplicationFilterChain.doFilter(ApplicationFilterChain.java:107)
	at org.apache.catalina.core.StandardWrapperValve.invoke(StandardWrapperValve.java:165)
	at org.apache.catalina.core.StandardContextValve.invoke(StandardContextValve.java:77)
	at org.apache.catalina.authenticator.AuthenticatorBase.invoke(AuthenticatorBase.java:492)
	at org.apache.catalina.core.StandardHostValve.invoke(StandardHostValve.java:113)
	at org.apache.catalina.valves.ErrorReportValve.invoke(ErrorReportValve.java:83)
	at org.apache.catalina.core.StandardEngineValve.invoke(StandardEngineValve.java:72)
	at org.apache.catalina.connector.CoyoteAdapter.service(CoyoteAdapter.java:341)
	at org.apache.coyote.http11.Http11Processor.service(Http11Processor.java:397)
	at org.apache.coyote.AbstractProcessorLight.process(AbstractProcessorLight.java:63)
	at org.apache.coyote.AbstractProtocol$ConnectionHandler.process(AbstractProtocol.java:903)
	at org.apache.tomcat.util.net.NioEndpoint$SocketProcessor.doRun(NioEndpoint.java:1779)
	at org.apache.tomcat.util.net.SocketProcessorBase.run(SocketProcessorBase.java:52)
	at org.apache.tomcat.util.threads.ThreadPoolExecutor.runWorker(ThreadPoolExecutor.java:946)
	at org.apache.tomcat.util.threads.ThreadPoolExecutor$Worker.run(ThreadPoolExecutor.java:480)
	at org.apache.tomcat.util.threads.TaskThread$WrappingRunnable.run(TaskThread.java:57)
	at java.base/java.lang.Thread.run(Thread.java:1583)
[2026-05-12T12:36:12.347] [TarrifBuilder] [INFO ]  [com.xius.TariffBuilder.TariffBuilderApplication.main] Starting TariffBuilderApplication...
[2026-05-12T12:36:12.914] [TarrifBuilder] [INFO ]  [com.xius.TariffBuilder.TariffBuilderApplication.logStarting] Starting TariffBuilderApplication using Java 21.0.9 with PID 3708 (D:\XIUS\TariffBuilder\target\classes started by muralikrishna.jami in D:\XIUS\TariffBuilder)
[2026-05-12T12:36:12.920] [TarrifBuilder] [INFO ]  [com.xius.TariffBuilder.TariffBuilderApplication.logStartupProfileInfo] No active profile set, falling back to 1 default profile: "default"
[2026-05-12T12:36:13.257] [TarrifBuilder] [INFO ]  [org.hibernate.validator.internal.util.Version.<clinit>] HV000001: Hibernate Validator 9.0.1.Final
[2026-05-12T12:36:13.901] [TarrifBuilder] [INFO ]  [org.springframework.data.repository.config.RepositoryConfigurationDelegate.registerRepositoriesIn] Bootstrapping Spring Data JPA repositories in DEFAULT mode.
[2026-05-12T12:36:13.929] [TarrifBuilder] [INFO ]  [org.springframework.data.repository.config.RepositoryConfigurationDelegate.registerRepositoriesIn] Finished Spring Data repository scanning in 16 ms. Found 0 JPA repository interfaces.
[2026-05-12T12:36:14.487] [TarrifBuilder] [INFO ]  [org.springframework.boot.tomcat.TomcatWebServer.initialize] Tomcat initialized with port 8090 (http)
[2026-05-12T12:36:14.507] [TarrifBuilder] [INFO ]  [org.apache.coyote.http11.Http11NioProtocol.log] Initializing ProtocolHandler ["http-nio-8090"]
[2026-05-12T12:36:14.508] [TarrifBuilder] [INFO ]  [org.apache.catalina.core.StandardService.log] Starting service [Tomcat]
[2026-05-12T12:36:14.509] [TarrifBuilder] [INFO ]  [org.apache.catalina.core.StandardEngine.log] Starting Servlet engine: [Apache Tomcat/11.0.20]
[2026-05-12T12:36:14.574] [TarrifBuilder] [INFO ]  [org.springframework.boot.web.context.servlet.WebApplicationContextInitializer.prepareWebApplicationContext] Root WebApplicationContext: initialization completed in 1587 ms
[2026-05-12T12:36:14.911] [TarrifBuilder] [INFO ]  [com.zaxxer.hikari.HikariDataSource.getConnection] HikariPool-1 - Starting...
[2026-05-12T12:36:17.213] [TarrifBuilder] [INFO ]  [com.zaxxer.hikari.pool.HikariPool.checkFailFast] HikariPool-1 - Added connection oracle.jdbc.driver.T4CConnection@33e3bd2e
[2026-05-12T12:36:17.216] [TarrifBuilder] [INFO ]  [com.zaxxer.hikari.HikariDataSource.getConnection] HikariPool-1 - Start completed.
[2026-05-12T12:36:17.257] [TarrifBuilder] [INFO ]  [org.hibernate.orm.jpa.logPersistenceUnitInformation] HHH008540: Processing PersistenceUnitInfo [name: default]
[2026-05-12T12:36:17.313] [TarrifBuilder] [INFO ]  [org.hibernate.orm.core.logVersion] HHH000001: Hibernate ORM core version 7.2.7.Final
[2026-05-12T12:36:17.804] [TarrifBuilder] [INFO ]  [org.springframework.orm.jpa.persistenceunit.SpringPersistenceUnitInfo.addTransformer] No LoadTimeWeaver setup: ignoring JPA class transformer
[2026-05-12T12:36:18.957] [TarrifBuilder] [WARN ]  [org.hibernate.orm.jdbc.logJdbcFetchSize] HHH100123: Low default JDBC fetch size: 10 (consider setting 'hibernate.jdbc.fetch_size')
[2026-05-12T12:36:18.960] [TarrifBuilder] [INFO ]  [org.hibernate.orm.connections.pooling.logConnectionInfo] HHH10001005: Database info:
	Database JDBC URL [jdbc:oracle:thin:@192.168.149.121:1521/ATTTEST]
	Database driver: Oracle JDBC driver
	Database dialect: OracleDialect
	Database version: 19.27
	Default catalog/schema: undefined/IZZI_BSSSDP_QC
	Autocommit mode: undefined/unknown
	Isolation level: READ_COMMITTED [default READ_COMMITTED]
	JDBC fetch size: 10
	Pool: DataSourceConnectionProvider
	Minimum pool size: undefined/unknown
	Maximum pool size: undefined/unknown
[2026-05-12T12:36:19.771] [TarrifBuilder] [INFO ]  [org.hibernate.orm.core.initiateService] HHH000489: No JTA platform available (set 'hibernate.transaction.jta.platform' to enable JTA platform integration)
[2026-05-12T12:36:19.777] [TarrifBuilder] [INFO ]  [org.springframework.orm.jpa.LocalContainerEntityManagerFactoryBean.buildNativeEntityManagerFactory] Initialized JPA EntityManagerFactory for persistence unit 'default'
[2026-05-12T12:36:19.914] [TarrifBuilder] [WARN ]  [org.springframework.boot.jpa.autoconfigure.JpaBaseConfiguration$JpaWebConfiguration.openEntityManagerInViewInterceptor] spring.jpa.open-in-view is enabled by default. Therefore, database queries may be performed during view rendering. Explicitly configure spring.jpa.open-in-view to disable this warning
[2026-05-12T12:36:20.616] [TarrifBuilder] [INFO ]  [org.apache.coyote.http11.Http11NioProtocol.log] Starting ProtocolHandler ["http-nio-8090"]
[2026-05-12T12:36:20.658] [TarrifBuilder] [INFO ]  [org.springframework.boot.tomcat.TomcatWebServer.start] Tomcat started on port 8090 (http) with context path '/'
[2026-05-12T12:36:20.666] [TarrifBuilder] [INFO ]  [com.xius.TariffBuilder.TariffBuilderApplication.logStarted] Started TariffBuilderApplication in 8.226 seconds (process running for 9.265)
[2026-05-12T12:36:20.674] [TarrifBuilder] [INFO ]  [com.xius.TariffBuilder.TariffBuilderApplication.main] TariffBuilderApplication started successfully
[2026-05-12T12:36:27.702] [TarrifBuilder] [INFO ]  [org.apache.catalina.core.ContainerBase.[Tomcat].[localhost].[/].log] Initializing Spring DispatcherServlet 'dispatcherServlet'
[2026-05-12T12:36:27.702] [TarrifBuilder] [INFO ]  [org.springframework.web.servlet.DispatcherServlet.initServletBean] Initializing Servlet 'dispatcherServlet'
[2026-05-12T12:36:27.717] [TarrifBuilder] [INFO ]  [org.springframework.web.servlet.DispatcherServlet.initServletBean] Completed initialization in 15 ms
[2026-05-12T12:36:27.830] [TarrifBuilder] [INFO ]  [com.xius.TariffBuilder.Controller.BuilderController.adminPage] Opening admin page
[2026-05-12T12:36:27.831] [TarrifBuilder] [WARN ]  [com.xius.TariffBuilder.Controller.BuilderController.adminPage] Unauthorized admin page access
[2026-05-12T12:36:38.639] [TarrifBuilder] [INFO ]  [com.xius.TariffBuilder.config.ApiLogger.doFilterInternal] ------------ handleRequest ------------
[2026-05-12T12:36:38.639] [TarrifBuilder] [INFO ]  [com.xius.TariffBuilder.config.ApiLogger.doFilterInternal] POST
[2026-05-12T12:36:38.640] [TarrifBuilder] [INFO ]  [com.xius.TariffBuilder.config.ApiLogger.doFilterInternal] /login
[2026-05-12T12:36:38.640] [TarrifBuilder] [INFO ]  [com.xius.TariffBuilder.config.ApiLogger.doFilterInternal] 10.10.21.49
[2026-05-12T12:36:38.657] [TarrifBuilder] [INFO ]  [com.xius.TariffBuilder.Controller.BuilderController.login] Login request received for user=USER1
[2026-05-12T12:36:38.657] [TarrifBuilder] [INFO ]  [com.xius.TariffBuilder.UserService.UserLoginService.authenticate] Authentication started for loginId=USER1 networkName=MUNDO
[2026-05-12T12:36:38.657] [TarrifBuilder] [INFO ]  [com.xius.TariffBuilder.UserService.UserAuthRepository.getUserPrivileges] Fetching user privileges for loginId=USER1 networkName=MUNDO
[2026-05-12T12:36:38.669] [TarrifBuilder] [INFO ]  [com.zaxxer.hikari.HikariDataSource.getConnection] HikariPool-2 - Starting...
[2026-05-12T12:36:41.015] [TarrifBuilder] [INFO ]  [com.zaxxer.hikari.pool.HikariPool.checkFailFast] HikariPool-2 - Added connection org.postgresql.jdbc.PgConnection@7038143f
[2026-05-12T12:36:41.016] [TarrifBuilder] [INFO ]  [com.zaxxer.hikari.HikariDataSource.getConnection] HikariPool-2 - Start completed.
[2026-05-12T12:36:41.265] [TarrifBuilder] [INFO ]  [com.xius.TariffBuilder.UserService.UserAuthRepository.getNetworkId] Fetching networkId for networkName=MUNDO
[2026-05-12T12:36:41.507] [TarrifBuilder] [INFO ]  [com.xius.TariffBuilder.UserService.UserLoginService.authenticate] Authentication successful loginId=USER1 networkId=16
[2026-05-12T12:36:41.507] [TarrifBuilder] [INFO ]  [com.xius.TariffBuilder.Controller.BuilderController.login] Login successful user=USER1 networkId=16 privilegesCount=8
[2026-05-12T12:36:41.524] [TarrifBuilder] [INFO ]  [com.xius.TariffBuilder.config.ApiLogger.doFilterInternal] Request Payload networkLoginName=MUNDO&loginId=USER1&password=12345678
[2026-05-12T12:36:41.525] [TarrifBuilder] [INFO ]  [com.xius.TariffBuilder.config.ApiLogger.doFilterInternal] 302
[2026-05-12T12:36:41.526] [TarrifBuilder] [INFO ]  [com.xius.TariffBuilder.config.ApiLogger.doFilterInternal] Execution time 2893 ms
[2026-05-12T12:36:41.527] [TarrifBuilder] [INFO ]  [com.xius.TariffBuilder.config.ApiLogger.doFilterInternal] ------------ handleResponse ------------
[2026-05-12T12:36:41.539] [TarrifBuilder] [INFO ]  [com.xius.TariffBuilder.Controller.BuilderController.builderHome] Opening builder home
[2026-05-12T12:36:41.682] [TarrifBuilder] [INFO ]  [com.xius.TariffBuilder.Controller.BuilderController.step1] Opening step1
[2026-05-12T12:36:44.261] [TarrifBuilder] [INFO ]  [com.xius.TariffBuilder.Controller.BuilderController.adminPage] Opening admin page
[2026-05-12T12:36:44.262] [TarrifBuilder] [INFO ]  [com.xius.TariffBuilder.UserService.TariffService.getTariffPackages] Fetching Tariff Package names from JSON
[2026-05-12T12:36:44.292] [TarrifBuilder] [INFO ]  [com.xius.TariffBuilder.Controller.BuilderController.adminPage] Fetching TP list for admin user=USER1 networkId=16
[2026-05-12T12:36:44.292] [TarrifBuilder] [INFO ]  [com.xius.TariffBuilder.Controller.BuilderController.adminPage] TP list response size=3
[2026-05-12T12:37:04.949] [TarrifBuilder] [INFO ]  [com.xius.TariffBuilder.Controller.BuilderController.step1] Opening step1
[2026-05-12T12:37:20.076] [TarrifBuilder] [INFO ]  [com.xius.TariffBuilder.Controller.BuilderController.step2] Opening step2
[2026-05-12T12:37:21.089] [TarrifBuilder] [INFO ]  [com.xius.TariffBuilder.Controller.BuilderController.getTpPlans] Fetching TP plans networkId=16 types=3
[2026-05-12T12:37:21.089] [TarrifBuilder] [INFO ]  [com.xius.TariffBuilder.UserService.ServicePlanService.getPlans] Fetching TP plans networkId=16 types=3
[2026-05-12T12:37:23.891] [TarrifBuilder] [INFO ]  [com.xius.TariffBuilder.Controller.BuilderController.step3] Opening step3
[2026-05-12T12:37:25.990] [TarrifBuilder] [INFO ]  [com.xius.TariffBuilder.Controller.BuilderController.step4] Opening step4
[2026-05-12T12:37:26.451] [TarrifBuilder] [INFO ]  [com.xius.TariffBuilder.Controller.BuilderController.step5] Opening step5
[2026-05-12T12:37:35.655] [TarrifBuilder] [INFO ]  [com.xius.TariffBuilder.config.ApiLogger.doFilterInternal] ------------ handleRequest ------------
[2026-05-12T12:37:35.655] [TarrifBuilder] [INFO ]  [com.xius.TariffBuilder.config.ApiLogger.doFilterInternal] POST
[2026-05-12T12:37:35.655] [TarrifBuilder] [INFO ]  [com.xius.TariffBuilder.config.ApiLogger.doFilterInternal] /prepareSaveConfig
[2026-05-12T12:37:35.655] [TarrifBuilder] [INFO ]  [com.xius.TariffBuilder.config.ApiLogger.doFilterInternal] 10.10.21.49
[2026-05-12T12:37:35.698] [TarrifBuilder] [INFO ]  [com.xius.TariffBuilder.Controller.BuilderController.prepareSaveConfig] Prepare config called username=USER1 networkId=16
[2026-05-12T12:37:35.698] [TarrifBuilder] [INFO ]  [com.xius.TariffBuilder.UserService.SaveConfigService.prepareConfig] Preparing config for user=USER1 networkId=16
[2026-05-12T12:37:36.136] [TarrifBuilder] [INFO ]  [com.xius.TariffBuilder.UserService.SaveConfigService.prepareConfig] Storing config tpName=test_e username=USER1 networkId=16
[2026-05-12T12:37:36.136] [TarrifBuilder] [INFO ]  [com.xius.TariffBuilder.util.JsonStorage.store] Storing JSON tpName=test_e
[2026-05-12T12:37:36.185] [TarrifBuilder] [INFO ]  [com.xius.TariffBuilder.util.JsonStorage.store] JSON stored successfully test_e
[2026-05-12T12:37:36.186] [TarrifBuilder] [INFO ]  [com.xius.TariffBuilder.UserService.SaveConfigService.prepareConfig] Config prepared successfully tpName=test_e username=USER1 networkId=16
[2026-05-12T12:37:36.187] [TarrifBuilder] [INFO ]  [com.xius.TariffBuilder.Controller.BuilderController.prepareSaveConfig] Prepare config completed
[2026-05-12T12:37:36.195] [TarrifBuilder] [INFO ]  [com.xius.TariffBuilder.config.ApiLogger.doFilterInternal] Request Payload {"username":"USER1","isUpdate":false,"submittedOn":"12 May 2026","packageType":"POSTPAID","tariffPackCategory":"COMMERCIAL","tariffPackageDesc":"test_e","charge":"5654","endDate":"05/22/2026","publicityId":"6754","chargeId":"test_e_PR","isCorporateYn":true,"tariffPlanId":2013,"tariffPlanName":"MI MUNDO L_D2","selectedSvcs_s2":"[\"DATA\"]","selectedSvcs_s3":"[]","selectedSvcs_s4":"[]","defaultAtps":[],"allowedAtps":[]}
[2026-05-12T12:37:36.195] [TarrifBuilder] [INFO ]  [com.xius.TariffBuilder.config.ApiLogger.doFilterInternal] 200
[2026-05-12T12:37:36.195] [TarrifBuilder] [INFO ]  [com.xius.TariffBuilder.config.ApiLogger.doFilterInternal] Response Payload {"tpName":"test_e","message":"Tariff Package created successfully, test_e"}
[2026-05-12T12:37:36.195] [TarrifBuilder] [INFO ]  [com.xius.TariffBuilder.config.ApiLogger.doFilterInternal] Execution time 540 ms
[2026-05-12T12:37:36.195] [TarrifBuilder] [INFO ]  [com.xius.TariffBuilder.config.ApiLogger.doFilterInternal] ------------ handleResponse ------------
[2026-05-12T12:37:45.280] [TarrifBuilder] [INFO ]  [com.xius.TariffBuilder.Controller.BuilderController.step1] Opening step1
[2026-05-12T12:38:17.724] [TarrifBuilder] [INFO ]  [com.xius.TariffBuilder.Controller.BuilderController.adminPage] Opening admin page
[2026-05-12T12:38:17.727] [TarrifBuilder] [INFO ]  [com.xius.TariffBuilder.UserService.TariffService.getTariffPackages] Fetching Tariff Package names from JSON
[2026-05-12T12:38:17.731] [TarrifBuilder] [INFO ]  [com.xius.TariffBuilder.Controller.BuilderController.adminPage] Fetching TP list for admin user=USER1 networkId=16
[2026-05-12T12:38:17.732] [TarrifBuilder] [INFO ]  [com.xius.TariffBuilder.Controller.BuilderController.adminPage] TP list response size=4
[2026-05-12T12:38:18.825] [TarrifBuilder] [INFO ]  [com.xius.TariffBuilder.config.ApiLogger.doFilterInternal] ------------ handleRequest ------------
[2026-05-12T12:38:18.825] [TarrifBuilder] [INFO ]  [com.xius.TariffBuilder.config.ApiLogger.doFilterInternal] GET
[2026-05-12T12:38:18.825] [TarrifBuilder] [INFO ]  [com.xius.TariffBuilder.config.ApiLogger.doFilterInternal] /admin/hierarchy/test_e
[2026-05-12T12:38:18.825] [TarrifBuilder] [INFO ]  [com.xius.TariffBuilder.config.ApiLogger.doFilterInternal] 10.10.21.49
[2026-05-12T12:38:18.833] [TarrifBuilder] [INFO ]  [com.xius.TariffBuilder.UserService.TariffService.getHierarchy] Fetching hierarchy for tpName=test_e
[2026-05-12T12:38:18.833] [TarrifBuilder] [INFO ]  [com.xius.TariffBuilder.util.JsonStorage.getTpData] Fetching JSON for test_e
[2026-05-12T12:38:18.837] [TarrifBuilder] [INFO ]  [com.xius.TariffBuilder.config.ApiLogger.doFilterInternal] 200
[2026-05-12T12:38:18.837] [TarrifBuilder] [INFO ]  [com.xius.TariffBuilder.config.ApiLogger.doFilterInternal] Response Payload {"tpName":"test_e","username":"USER1","networkId":16,"data":{"username":"USER1","isUpdate":false,"submittedOn":"12 May 2026","packageType":"POSTPAID","tariffPackCategory":"COMMERCIAL","tariffPackageDesc":"test_e","charge":"5654","endDate":"05/22/2026","publicityId":"6754","chargeId":"test_e_PR","isCorporateYn":true,"tariffPlanId":2013,"tariffPlanName":"MI MUNDO L_D2","selectedSvcs_s2":"[\"DATA\"]","selectedSvcs_s3":"[]","selectedSvcs_s4":"[]","defaultAtps":[],"allowedAtps":[]}}
[2026-05-12T12:38:18.837] [TarrifBuilder] [INFO ]  [com.xius.TariffBuilder.config.ApiLogger.doFilterInternal] Execution time 14 ms
[2026-05-12T12:38:18.837] [TarrifBuilder] [INFO ]  [com.xius.TariffBuilder.config.ApiLogger.doFilterInternal] ------------ handleResponse ------------
[2026-05-12T12:41:49.256] [TarrifBuilder] [INFO ]  [com.xius.TariffBuilder.config.ApiLogger.doFilterInternal] ------------ handleRequest ------------
[2026-05-12T12:41:49.292] [TarrifBuilder] [INFO ]  [com.xius.TariffBuilder.config.ApiLogger.doFilterInternal] GET
[2026-05-12T12:41:49.294] [TarrifBuilder] [INFO ]  [com.xius.TariffBuilder.config.ApiLogger.doFilterInternal] /admin/hierarchy/test_e
[2026-05-12T12:41:49.294] [TarrifBuilder] [INFO ]  [com.xius.TariffBuilder.config.ApiLogger.doFilterInternal] 10.10.21.49
[2026-05-12T12:41:49.321] [TarrifBuilder] [INFO ]  [com.xius.TariffBuilder.UserService.TariffService.getHierarchy] Fetching hierarchy for tpName=test_e
[2026-05-12T12:41:49.321] [TarrifBuilder] [INFO ]  [com.xius.TariffBuilder.util.JsonStorage.getTpData] Fetching JSON for test_e
[2026-05-12T12:41:49.356] [TarrifBuilder] [INFO ]  [com.xius.TariffBuilder.config.ApiLogger.doFilterInternal] 200
[2026-05-12T12:41:49.356] [TarrifBuilder] [INFO ]  [com.xius.TariffBuilder.config.ApiLogger.doFilterInternal] Response Payload {"tpName":"test_e","username":"USER1","networkId":16,"data":{"username":"USER1","isUpdate":false,"submittedOn":"12 May 2026","packageType":"POSTPAID","tariffPackCategory":"COMMERCIAL","tariffPackageDesc":"test_e","charge":"5654","endDate":"05/22/2026","publicityId":"6754","chargeId":"test_e_PR","isCorporateYn":true,"tariffPlanId":2013,"tariffPlanName":"MI MUNDO L_D2","selectedSvcs_s2":"[\"DATA\"]","selectedSvcs_s3":"[]","selectedSvcs_s4":"[]","defaultAtps":[],"allowedAtps":[]}}
[2026-05-12T12:41:49.356] [TarrifBuilder] [INFO ]  [com.xius.TariffBuilder.config.ApiLogger.doFilterInternal] Execution time 103 ms
[2026-05-12T12:41:49.356] [TarrifBuilder] [INFO ]  [com.xius.TariffBuilder.config.ApiLogger.doFilterInternal] ------------ handleResponse ------------
[2026-05-12T12:41:54.398] [TarrifBuilder] [INFO ]  [com.xius.TariffBuilder.config.ApiLogger.doFilterInternal] ------------ handleRequest ------------
[2026-05-12T12:41:54.398] [TarrifBuilder] [INFO ]  [com.xius.TariffBuilder.config.ApiLogger.doFilterInternal] POST
[2026-05-12T12:41:54.398] [TarrifBuilder] [INFO ]  [com.xius.TariffBuilder.config.ApiLogger.doFilterInternal] /approve/test_e
[2026-05-12T12:41:54.398] [TarrifBuilder] [INFO ]  [com.xius.TariffBuilder.config.ApiLogger.doFilterInternal] 10.10.21.49
[2026-05-12T12:41:54.870] [TarrifBuilder] [INFO ]  [com.xius.TariffBuilder.UserService.TariffApprovalService.approve] Approve request received tpName=test_e
[2026-05-12T12:41:54.870] [TarrifBuilder] [INFO ]  [com.xius.TariffBuilder.util.JsonStorage.getTpData] Fetching JSON for test_e
[2026-05-12T12:41:54.890] [TarrifBuilder] [INFO ]  [com.xius.TariffBuilder.UserService.TariffApprovalService.approve] Approve request payload tpName=test_e networkId=16 username=USER1
[2026-05-12T12:41:55.273] [TarrifBuilder] [INFO ]  [com.xius.TariffBuilder.UserService.TariffApprovalService.approve] ATP presence check hasDefaultAtps=false hasAllowedAtps=false hasAnyAtps=false
[2026-05-12T12:41:55.286] [TarrifBuilder] [INFO ]  [com.xius.TariffBuilder.UserService.TariffApprovalService.approve] No ATPs present. Skipping bucket zone resolution. oldPlanId=1087 oldPlanZoneId=null
[2026-05-12T12:41:55.495] [TarrifBuilder] [INFO ]  [com.xius.TariffBuilder.UserService.ServiceplanZone.cloneZoneIfExists] Zone clone skipped oldZoneId=null newZoneId=920
[2026-05-12T12:41:55.511] [TarrifBuilder] [INFO ]  [com.xius.TariffBuilder.UserService.TariffApprovalService.approve] No ATPs present. Plan zone resolved newPlanZoneId=920. newBucketZoneId=null.
[2026-05-12T12:41:55.519] [TarrifBuilder] [INFO ]  [com.xius.TariffBuilder.UserService.ServiceCloneService.cloneService] Clone service started networkId=16 servicePackageId=2013 tpName=test_e newPlanZoneId=920
[2026-05-12T12:41:56.870] [TarrifBuilder] [INFO ]  [com.xius.TariffBuilder.UserService.ServiceCloneService.cloneService] Service plan cloned oldPlanId=1087 newPlanId=1403 newPackageId=2269
[2026-05-12T12:41:56.871] [TarrifBuilder] [INFO ]  [com.xius.TariffBuilder.UserService.ServiceCloneService.cloneService] Clone service completed newPackageId=2269 lastNewPlanId=1403
[2026-05-12T12:41:56.871] [TarrifBuilder] [INFO ]  [com.xius.TariffBuilder.UserService.TariffApprovalService.approve] Base service cloned newServicePackageId=2269 newServicePlanId=1403
[2026-05-12T12:41:56.871] [TarrifBuilder] [INFO ]  [com.xius.TariffBuilder.UserService.TariffApprovalService.approve] No ATPs present. Skipping bundle and bucket clone.
[2026-05-12T12:41:56.871] [TarrifBuilder] [INFO ]  [com.xius.TariffBuilder.UserService.TariffApprovalService.approve] Final defaultAtpIds for DATP mapping=[]
[2026-05-12T12:41:56.871] [TarrifBuilder] [INFO ]  [com.xius.TariffBuilder.UserService.TariffApprovalService.approve] Final allowedAtpIds for AATP mapping=[]
[2026-05-12T12:41:57.053] [TarrifBuilder] [INFO ]  [com.xius.TariffBuilder.UserService.TariffApprovalService.insertPeriodicCharge] Default ATP not available. Skipping periodic charge.
[2026-05-12T12:41:58.919] [TarrifBuilder] [INFO ]  [com.xius.TariffBuilder.util.JsonStorage.writeAll] json updated
[2026-05-12T12:41:58.919] [TarrifBuilder] [INFO ]  [com.xius.TariffBuilder.UserService.TariffApprovalService.removeFromJson] TP removed from json storage tpName=test_e
[2026-05-12T12:41:58.931] [TarrifBuilder] [INFO ]  [com.xius.TariffBuilder.UserService.TariffApprovalService.approve] Tariff approved tariffId=1465 executionTime=4049ms
[2026-05-12T12:42:00.187] [TarrifBuilder] [INFO ]  [com.xius.TariffBuilder.config.ApiLogger.doFilterInternal] 200
[2026-05-12T12:42:00.194] [TarrifBuilder] [INFO ]  [com.xius.TariffBuilder.config.ApiLogger.doFilterInternal] Response Payload {"newBucketZoneId":null,"newServicePlanId":1403,"tariffPackageId":1465,"newPlanZoneId":920,"newServicePackageId":2269,"newAtpIds":[]}
[2026-05-12T12:42:00.194] [TarrifBuilder] [INFO ]  [com.xius.TariffBuilder.config.ApiLogger.doFilterInternal] Execution time 5789 ms
[2026-05-12T12:42:00.194] [TarrifBuilder] [INFO ]  [com.xius.TariffBuilder.config.ApiLogger.doFilterInternal] ------------ handleResponse ------------
[2026-05-12T12:42:11.229] [TarrifBuilder] [INFO ]  [com.xius.TariffBuilder.Controller.BuilderController.adminPage] Opening admin page
[2026-05-12T12:42:11.230] [TarrifBuilder] [INFO ]  [com.xius.TariffBuilder.UserService.TariffService.getTariffPackages] Fetching Tariff Package names from JSON
[2026-05-12T12:42:11.234] [TarrifBuilder] [INFO ]  [com.xius.TariffBuilder.Controller.BuilderController.adminPage] Fetching TP list for admin user=USER1 networkId=16
[2026-05-12T12:42:11.234] [TarrifBuilder] [INFO ]  [com.xius.TariffBuilder.Controller.BuilderController.adminPage] TP list response size=3
[2026-05-12T12:47:34.134] [TarrifBuilder] [INFO ]  [com.xius.TariffBuilder.config.ApiLogger.doFilterInternal] ------------ handleRequest ------------
[2026-05-12T12:47:34.154] [TarrifBuilder] [INFO ]  [com.xius.TariffBuilder.config.ApiLogger.doFilterInternal] GET
[2026-05-12T12:47:34.154] [TarrifBuilder] [INFO ]  [com.xius.TariffBuilder.config.ApiLogger.doFilterInternal] /admin/hierarchy/xiustest
[2026-05-12T12:47:34.154] [TarrifBuilder] [INFO ]  [com.xius.TariffBuilder.config.ApiLogger.doFilterInternal] 10.10.21.49
[2026-05-12T12:47:34.203] [TarrifBuilder] [INFO ]  [com.xius.TariffBuilder.UserService.TariffService.getHierarchy] Fetching hierarchy for tpName=xiustest
[2026-05-12T12:47:34.203] [TarrifBuilder] [INFO ]  [com.xius.TariffBuilder.util.JsonStorage.getTpData] Fetching JSON for xiustest
[2026-05-12T12:47:34.287] [TarrifBuilder] [INFO ]  [com.xius.TariffBuilder.config.ApiLogger.doFilterInternal] 200
[2026-05-12T12:47:34.288] [TarrifBuilder] [INFO ]  [com.xius.TariffBuilder.config.ApiLogger.doFilterInternal] Response Payload {"tpName":"xiustest","username":"USER1","networkId":16,"data":{"username":"USER1","isUpdate":true,"submittedOn":"21 Apr 2026","packageType":"PREPAID","tariffPackCategory":"NORMAL","tariffPackageDesc":"xiustest","charge":"56","endDate":"04/21/2026","publicityId":"test_xius","chargeId":"xiustest_PR","isCorporateYn":true,"tariffPlanId":1743,"tariffPlanName":"MI MUNDO S_V","selectedSvcs_s2":"[\"VOICE\"]","selectedSvcs_s3":"[\"VOICE\"]","selectedSvcs_s4":"[\"VOICE\",\"SMS\",\"DATA\"]","defaultAtps":[{"servicePackageId":1750,"chargeId":"xiustest_PR","packageName":"MI MUNDO M_VO","validity":"Monthly","midnightExpiry":"Yes","renewal":"Yes","rental":"12","maxCount":"56","freeCycles":"6"}],"allowedAtps":[{"servicePackageId":1765,"chargeId":"xiustest_PR","packageName":"DYNAMIC_DATP","validity":"Monthly","midnightExpiry":"Yes","renewal":"Yes","rental":"4","maxCount":"5","freeCycles":"6"}]}}
[2026-05-12T12:47:34.288] [TarrifBuilder] [INFO ]  [com.xius.TariffBuilder.config.ApiLogger.doFilterInternal] Execution time 163 ms
[2026-05-12T12:47:34.288] [TarrifBuilder] [INFO ]  [com.xius.TariffBuilder.config.ApiLogger.doFilterInternal] ------------ handleResponse ------------
[2026-05-12T12:47:49.987] [TarrifBuilder] [INFO ]  [com.xius.TariffBuilder.config.ApiLogger.doFilterInternal] ------------ handleRequest ------------
[2026-05-12T12:47:49.989] [TarrifBuilder] [INFO ]  [com.xius.TariffBuilder.config.ApiLogger.doFilterInternal] GET
[2026-05-12T12:47:49.989] [TarrifBuilder] [INFO ]  [com.xius.TariffBuilder.config.ApiLogger.doFilterInternal] /admin/hierarchy/Test_today
[2026-05-12T12:47:49.989] [TarrifBuilder] [INFO ]  [com.xius.TariffBuilder.config.ApiLogger.doFilterInternal] 10.10.21.49
[2026-05-12T12:47:49.991] [TarrifBuilder] [INFO ]  [com.xius.TariffBuilder.UserService.TariffService.getHierarchy] Fetching hierarchy for tpName=Test_today
[2026-05-12T12:47:49.992] [TarrifBuilder] [INFO ]  [com.xius.TariffBuilder.util.JsonStorage.getTpData] Fetching JSON for Test_today
[2026-05-12T12:47:49.994] [TarrifBuilder] [INFO ]  [com.xius.TariffBuilder.config.ApiLogger.doFilterInternal] 200
[2026-05-12T12:47:49.995] [TarrifBuilder] [INFO ]  [com.xius.TariffBuilder.config.ApiLogger.doFilterInternal] Response Payload {"tpName":"Test_today","username":"USER1","networkId":16,"data":{"username":"USER1","isUpdate":false,"submittedOn":"06 May 2026","packageType":"PREPAID","tariffPackCategory":"COMMERCIAL","tariffPackageDesc":"Test_today","charge":"0","endDate":"04/04/2027","publicityId":"testD","chargeId":"Test_today_PR","isCorporateYn":false,"tariffPlanId":1743,"tariffPlanName":"MI MUNDO S_V","selectedSvcs_s2":"[\"VOICE\"]","selectedSvcs_s3":"[\"VOICE\"]","selectedSvcs_s4":"[]","defaultAtps":[],"allowedAtps":[]}}
[2026-05-12T12:47:49.995] [TarrifBuilder] [INFO ]  [com.xius.TariffBuilder.config.ApiLogger.doFilterInternal] Execution time 8 ms
[2026-05-12T12:47:49.995] [TarrifBuilder] [INFO ]  [com.xius.TariffBuilder.config.ApiLogger.doFilterInternal] ------------ handleResponse ------------
[2026-05-12T12:47:56.233] [TarrifBuilder] [INFO ]  [com.xius.TariffBuilder.config.ApiLogger.doFilterInternal] ------------ handleRequest ------------
[2026-05-12T12:47:56.234] [TarrifBuilder] [INFO ]  [com.xius.TariffBuilder.config.ApiLogger.doFilterInternal] GET
[2026-05-12T12:47:56.234] [TarrifBuilder] [INFO ]  [com.xius.TariffBuilder.config.ApiLogger.doFilterInternal] /admin/hierarchy/xiustest
[2026-05-12T12:47:56.235] [TarrifBuilder] [INFO ]  [com.xius.TariffBuilder.config.ApiLogger.doFilterInternal] 10.10.21.49
[2026-05-12T12:47:56.240] [TarrifBuilder] [INFO ]  [com.xius.TariffBuilder.UserService.TariffService.getHierarchy] Fetching hierarchy for tpName=xiustest
[2026-05-12T12:47:56.240] [TarrifBuilder] [INFO ]  [com.xius.TariffBuilder.util.JsonStorage.getTpData] Fetching JSON for xiustest
[2026-05-12T12:47:56.240] [TarrifBuilder] [INFO ]  [com.xius.TariffBuilder.config.ApiLogger.doFilterInternal] 200
[2026-05-12T12:47:56.240] [TarrifBuilder] [INFO ]  [com.xius.TariffBuilder.config.ApiLogger.doFilterInternal] Response Payload {"tpName":"xiustest","username":"USER1","networkId":16,"data":{"username":"USER1","isUpdate":true,"submittedOn":"21 Apr 2026","packageType":"PREPAID","tariffPackCategory":"NORMAL","tariffPackageDesc":"xiustest","charge":"56","endDate":"04/21/2026","publicityId":"test_xius","chargeId":"xiustest_PR","isCorporateYn":true,"tariffPlanId":1743,"tariffPlanName":"MI MUNDO S_V","selectedSvcs_s2":"[\"VOICE\"]","selectedSvcs_s3":"[\"VOICE\"]","selectedSvcs_s4":"[\"VOICE\",\"SMS\",\"DATA\"]","defaultAtps":[{"servicePackageId":1750,"chargeId":"xiustest_PR","packageName":"MI MUNDO M_VO","validity":"Monthly","midnightExpiry":"Yes","renewal":"Yes","rental":"12","maxCount":"56","freeCycles":"6"}],"allowedAtps":[{"servicePackageId":1765,"chargeId":"xiustest_PR","packageName":"DYNAMIC_DATP","validity":"Monthly","midnightExpiry":"Yes","renewal":"Yes","rental":"4","maxCount":"5","freeCycles":"6"}]}}
[2026-05-12T12:47:56.240] [TarrifBuilder] [INFO ]  [com.xius.TariffBuilder.config.ApiLogger.doFilterInternal] Execution time 7 ms
[2026-05-12T12:47:56.240] [TarrifBuilder] [INFO ]  [com.xius.TariffBuilder.config.ApiLogger.doFilterInternal] ------------ handleResponse ------------
[2026-05-12T12:48:17.353] [TarrifBuilder] [INFO ]  [com.xius.TariffBuilder.Controller.BuilderController.step1] Opening step1
[2026-05-12T12:48:25.990] [TarrifBuilder] [INFO ]  [com.xius.TariffBuilder.Controller.BuilderController.step2] Opening step2
[2026-05-12T12:48:26.921] [TarrifBuilder] [INFO ]  [com.xius.TariffBuilder.Controller.BuilderController.getTpPlans] Fetching TP plans networkId=16 types=3
[2026-05-12T12:48:26.921] [TarrifBuilder] [INFO ]  [com.xius.TariffBuilder.UserService.ServicePlanService.getPlans] Fetching TP plans networkId=16 types=3
[2026-05-12T12:48:29.574] [TarrifBuilder] [INFO ]  [com.xius.TariffBuilder.Controller.BuilderController.step3] Opening step3
[2026-05-12T12:48:31.354] [TarrifBuilder] [INFO ]  [com.xius.TariffBuilder.Controller.BuilderController.step4] Opening step4
[2026-05-12T12:48:32.061] [TarrifBuilder] [INFO ]  [com.xius.TariffBuilder.Controller.BuilderController.step5] Opening step5
[2026-05-12T12:48:48.382] [TarrifBuilder] [INFO ]  [com.xius.TariffBuilder.config.ApiLogger.doFilterInternal] ------------ handleRequest ------------
[2026-05-12T12:48:48.382] [TarrifBuilder] [INFO ]  [com.xius.TariffBuilder.config.ApiLogger.doFilterInternal] POST
[2026-05-12T12:48:48.382] [TarrifBuilder] [INFO ]  [com.xius.TariffBuilder.config.ApiLogger.doFilterInternal] /prepareSaveConfig
[2026-05-12T12:48:48.382] [TarrifBuilder] [INFO ]  [com.xius.TariffBuilder.config.ApiLogger.doFilterInternal] 10.10.21.49
[2026-05-12T12:48:48.388] [TarrifBuilder] [INFO ]  [com.xius.TariffBuilder.Controller.BuilderController.prepareSaveConfig] Prepare config called username=USER1 networkId=16
[2026-05-12T12:48:48.388] [TarrifBuilder] [INFO ]  [com.xius.TariffBuilder.UserService.SaveConfigService.prepareConfig] Preparing config for user=USER1 networkId=16
[2026-05-12T12:48:48.537] [TarrifBuilder] [WARN ]  [com.xius.TariffBuilder.UserService.SaveConfigService.prepareConfig] DB validation failed: tariff exists tpName=test_e networkId=16
[2026-05-12T12:48:48.537] [TarrifBuilder] [INFO ]  [com.xius.TariffBuilder.Controller.BuilderController.prepareSaveConfig] Prepare config completed
[2026-05-12T12:48:48.556] [TarrifBuilder] [INFO ]  [com.xius.TariffBuilder.config.ApiLogger.doFilterInternal] Request Payload {"username":"USER1","isUpdate":false,"submittedOn":"12 May 2026","packageType":"POSTPAID","tariffPackCategory":"COMMERCIAL","tariffPackageDesc":"test_e","charge":"654","endDate":"05/22/2026","publicityId":"pb01","chargeId":"test_e_PR","isCorporateYn":true,"tariffPlanId":2020,"tariffPlanName":"MI MUNDO L D5","selectedSvcs_s2":"[\"DATA\"]","selectedSvcs_s3":"[]","selectedSvcs_s4":"[]","defaultAtps":[],"allowedAtps":[]}
[2026-05-12T12:48:48.556] [TarrifBuilder] [INFO ]  [com.xius.TariffBuilder.config.ApiLogger.doFilterInternal] 200
[2026-05-12T12:48:48.556] [TarrifBuilder] [INFO ]  [com.xius.TariffBuilder.config.ApiLogger.doFilterInternal] Response Payload {"error":"Tariff Package already exists in DB"}
[2026-05-12T12:48:48.556] [TarrifBuilder] [INFO ]  [com.xius.TariffBuilder.config.ApiLogger.doFilterInternal] Execution time 185 ms
[2026-05-12T12:48:48.556] [TarrifBuilder] [INFO ]  [com.xius.TariffBuilder.config.ApiLogger.doFilterInternal] ------------ handleResponse ------------
[2026-05-12T12:49:01.969] [TarrifBuilder] [INFO ]  [com.xius.TariffBuilder.config.ApiLogger.doFilterInternal] ------------ handleRequest ------------
[2026-05-12T12:49:01.969] [TarrifBuilder] [INFO ]  [com.xius.TariffBuilder.config.ApiLogger.doFilterInternal] POST
[2026-05-12T12:49:01.969] [TarrifBuilder] [INFO ]  [com.xius.TariffBuilder.config.ApiLogger.doFilterInternal] /prepareSaveConfig
[2026-05-12T12:49:01.969] [TarrifBuilder] [INFO ]  [com.xius.TariffBuilder.config.ApiLogger.doFilterInternal] 10.10.21.49
[2026-05-12T12:49:01.980] [TarrifBuilder] [INFO ]  [com.xius.TariffBuilder.Controller.BuilderController.prepareSaveConfig] Prepare config called username=USER1 networkId=16
[2026-05-12T12:49:01.980] [TarrifBuilder] [INFO ]  [com.xius.TariffBuilder.UserService.SaveConfigService.prepareConfig] Preparing config for user=USER1 networkId=16
[2026-05-12T12:49:02.358] [TarrifBuilder] [INFO ]  [com.xius.TariffBuilder.UserService.SaveConfigService.prepareConfig] Storing config tpName=test_ep username=USER1 networkId=16
[2026-05-12T12:49:02.358] [TarrifBuilder] [INFO ]  [com.xius.TariffBuilder.util.JsonStorage.store] Storing JSON tpName=test_ep
[2026-05-12T12:49:02.371] [TarrifBuilder] [INFO ]  [com.xius.TariffBuilder.util.JsonStorage.store] JSON stored successfully test_ep
[2026-05-12T12:49:02.371] [TarrifBuilder] [INFO ]  [com.xius.TariffBuilder.UserService.SaveConfigService.prepareConfig] Config prepared successfully tpName=test_ep username=USER1 networkId=16
[2026-05-12T12:49:02.371] [TarrifBuilder] [INFO ]  [com.xius.TariffBuilder.Controller.BuilderController.prepareSaveConfig] Prepare config completed
[2026-05-12T12:49:02.371] [TarrifBuilder] [INFO ]  [com.xius.TariffBuilder.config.ApiLogger.doFilterInternal] Request Payload {"username":"USER1","isUpdate":false,"submittedOn":"12 May 2026","packageType":"POSTPAID","tariffPackCategory":"COMMERCIAL","tariffPackageDesc":"test_ep","charge":"654","endDate":"05/22/2026","publicityId":"pb01","chargeId":"test_ep_PR","isCorporateYn":true,"tariffPlanId":2020,"tariffPlanName":"MI MUNDO L D5","selectedSvcs_s2":"[\"DATA\"]","selectedSvcs_s3":"[]","selectedSvcs_s4":"[]","defaultAtps":[],"allowedAtps":[]}
[2026-05-12T12:49:02.371] [TarrifBuilder] [INFO ]  [com.xius.TariffBuilder.config.ApiLogger.doFilterInternal] 200
[2026-05-12T12:49:02.371] [TarrifBuilder] [INFO ]  [com.xius.TariffBuilder.config.ApiLogger.doFilterInternal] Response Payload {"tpName":"test_ep","message":"Tariff Package created successfully, test_ep"}
[2026-05-12T12:49:02.371] [TarrifBuilder] [INFO ]  [com.xius.TariffBuilder.config.ApiLogger.doFilterInternal] Execution time 402 ms
[2026-05-12T12:49:02.371] [TarrifBuilder] [INFO ]  [com.xius.TariffBuilder.config.ApiLogger.doFilterInternal] ------------ handleResponse ------------
[2026-05-12T12:49:04.291] [TarrifBuilder] [INFO ]  [com.xius.TariffBuilder.Controller.BuilderController.step1] Opening step1
[2026-05-12T12:49:06.410] [TarrifBuilder] [INFO ]  [com.xius.TariffBuilder.Controller.BuilderController.adminPage] Opening admin page
[2026-05-12T12:49:06.410] [TarrifBuilder] [INFO ]  [com.xius.TariffBuilder.UserService.TariffService.getTariffPackages] Fetching Tariff Package names from JSON
[2026-05-12T12:49:06.411] [TarrifBuilder] [INFO ]  [com.xius.TariffBuilder.Controller.BuilderController.adminPage] Fetching TP list for admin user=USER1 networkId=16
[2026-05-12T12:49:06.412] [TarrifBuilder] [INFO ]  [com.xius.TariffBuilder.Controller.BuilderController.adminPage] TP list response size=4
[2026-05-12T12:49:11.472] [TarrifBuilder] [INFO ]  [com.xius.TariffBuilder.config.ApiLogger.doFilterInternal] ------------ handleRequest ------------
[2026-05-12T12:49:11.475] [TarrifBuilder] [INFO ]  [com.xius.TariffBuilder.config.ApiLogger.doFilterInternal] GET
[2026-05-12T12:49:11.475] [TarrifBuilder] [INFO ]  [com.xius.TariffBuilder.config.ApiLogger.doFilterInternal] /admin/hierarchy/test_ep
[2026-05-12T12:49:11.476] [TarrifBuilder] [INFO ]  [com.xius.TariffBuilder.config.ApiLogger.doFilterInternal] 10.10.21.49
[2026-05-12T12:49:11.481] [TarrifBuilder] [INFO ]  [com.xius.TariffBuilder.UserService.TariffService.getHierarchy] Fetching hierarchy for tpName=test_ep
[2026-05-12T12:49:11.481] [TarrifBuilder] [INFO ]  [com.xius.TariffBuilder.util.JsonStorage.getTpData] Fetching JSON for test_ep
[2026-05-12T12:49:11.490] [TarrifBuilder] [INFO ]  [com.xius.TariffBuilder.config.ApiLogger.doFilterInternal] 200
[2026-05-12T12:49:11.490] [TarrifBuilder] [INFO ]  [com.xius.TariffBuilder.config.ApiLogger.doFilterInternal] Response Payload {"tpName":"test_ep","username":"USER1","networkId":16,"data":{"username":"USER1","isUpdate":false,"submittedOn":"12 May 2026","packageType":"POSTPAID","tariffPackCategory":"COMMERCIAL","tariffPackageDesc":"test_ep","charge":"654","endDate":"05/22/2026","publicityId":"pb01","chargeId":"test_ep_PR","isCorporateYn":true,"tariffPlanId":2020,"tariffPlanName":"MI MUNDO L D5","selectedSvcs_s2":"[\"DATA\"]","selectedSvcs_s3":"[]","selectedSvcs_s4":"[]","defaultAtps":[],"allowedAtps":[]}}
[2026-05-12T12:49:11.490] [TarrifBuilder] [INFO ]  [com.xius.TariffBuilder.config.ApiLogger.doFilterInternal] Execution time 18 ms
[2026-05-12T12:49:11.490] [TarrifBuilder] [INFO ]  [com.xius.TariffBuilder.config.ApiLogger.doFilterInternal] ------------ handleResponse ------------
[2026-05-12T12:49:18.725] [TarrifBuilder] [INFO ]  [com.xius.TariffBuilder.Controller.BuilderController.step1] Opening step1
[2026-05-12T12:49:19.675] [TarrifBuilder] [INFO ]  [com.xius.TariffBuilder.config.ApiLogger.doFilterInternal] ------------ handleRequest ------------
[2026-05-12T12:49:19.675] [TarrifBuilder] [INFO ]  [com.xius.TariffBuilder.config.ApiLogger.doFilterInternal] GET
[2026-05-12T12:49:19.675] [TarrifBuilder] [INFO ]  [com.xius.TariffBuilder.config.ApiLogger.doFilterInternal] /saved/list
[2026-05-12T12:49:19.675] [TarrifBuilder] [INFO ]  [com.xius.TariffBuilder.config.ApiLogger.doFilterInternal] 10.10.21.49
[2026-05-12T12:49:19.712] [TarrifBuilder] [INFO ]  [com.xius.TariffBuilder.config.ApiLogger.doFilterInternal] 200
[2026-05-12T12:49:19.713] [TarrifBuilder] [INFO ]  [com.xius.TariffBuilder.config.ApiLogger.doFilterInternal] Response Payload {"test_ep":{"tpName":"test_ep","username":"USER1","networkId":16,"data":{"username":"USER1","isUpdate":false,"submittedOn":"12 May 2026","packageType":"POSTPAID","tariffPackCategory":"COMMERCIAL","tariffPackageDesc":"test_ep","charge":"654","endDate":"05/22/2026","publicityId":"pb01","chargeId":"test_ep_PR","isCorporateYn":true,"tariffPlanId":2020,"tariffPlanName":"MI MUNDO L D5","selectedSvcs_s2":"[\"DATA\"]","selectedSvcs_s3":"[]","selectedSvcs_s4":"[]","defaultAtps":[],"allowedAtps":[]}},"Test_today":{"tpName":"Test_today","username":"USER1","networkId":16,"data":{"username":"USER1","isUpdate":false,"submittedOn":"06 May 2026","packageType":"PREPAID","tariffPackCategory":"COMMERCIAL","tariffPackageDesc":"Test_today","charge":"0","endDate":"04/04/2027","publicityId":"testD","chargeId":"Test_today_PR","isCorporateYn":false,"tariffPlanId":1743,"tariffPlanName":"MI MUNDO S_V","selectedSvcs_s2":"[\"VOICE\"]","selectedSvcs_s3":"[\"VOICE\"]","selectedSvcs_s4":"[]","defaultAtps":[],"allowedAtps":[]}},"xiiiii":{"tpName":"xiiiii","username":"USER1","networkId":16,"data":{"username":"USER1","isUpdate":true,"submittedOn":"23 Apr 2026","packageType":"POSTPAID","tariffPackCategory":"COMMERCIAL","tariffPackageDesc":"xiiiii","charge":"34567","endDate":"04/22/2026","publicityId":"pubb2345","chargeId":"xiiiii_PR","isCorporateYn":true,"tariffPlanId":1745,"tariffPlanName":"MI MUNDO S_DA","selectedSvcs_s2":"[\"DATA\"]","selectedSvcs_s3":"[\"VOICE\",\"DATA\",\"SMS\"]","selectedSvcs_s4":"[\"VOICE\"]","defaultAtps":[{"servicePackageId":1781,"chargeId":"xiiiii_PR","packageName":"MUNDO_CF_SP_ATP","validity":"Monthly","midnightExpiry":"No","renewal":"No","rental":0,"maxCount":0,"freeCycles":"0"},{"servicePackageId":1758,"chargeId":"xiiiii_PR","packageName":"MI MUNDO L_Vo","validity":"Monthly","midnightExpiry":"No","renewal":"No","rental":0,"maxCount":0,"freeCycles":"0"},{"servicePackageId":1925,"chargeId":"xiiiii_PR","packageName":"test_builder","validity":"Monthly","midnightExpiry":"No","renewal":"Yes","rental":0,"maxCount":0,"freeCycles":"0"},{"servicePackageId":1765,"chargeId":"xiiiii_PR","packageName":"DYNAMIC_DATP","validity":"Monthly","midnightExpiry":"No","renewal":"No","rental":0,"maxCount":0,"freeCycles":"0"}],"allowedAtps":[{"servicePackageId":1750,"chargeId":"xiiiii_PR","packageName":"MI MUNDO M_VO","validity":"Monthly","midnightExpiry":"No","renewal":"No","rental":0,"maxCount":0,"freeCycles":"0"},{"servicePackageId":1762,"chargeId":"xiiiii_PR","packageName":"POSTPAID_Vo","validity":"Monthly","midnightExpiry":"No","renewal":"No","rental":0,"maxCount":0,"freeCycles":"0"},{"servicePackageId":1781,"chargeId":"xiiiii_PR","packageName":"MUNDO_CF_SP_ATP","validity":"Monthly","midnightExpiry":"No","renewal":"No","rental":0,"maxCount":0,"freeCycles":"0"},{"servicePackageId":1925,"chargeId":"xiiiii_PR","packageName":"test_builder","validity":"Monthly","midnightExpiry":"No","renewal":"No","rental":0,"maxCount":0,"freeCycles":"0"},{"servicePackageId":1762,"chargeId":"xiiiii_PR","packageName":"POSTPAID_Vo","validity":"Monthly","midnightExpiry":"No","renewal":"No","rental":0,"maxCount":0,"freeCycles":"0"},{"servicePackageId":1750,"chargeId":"xiiiii_PR","packageName":"MI MUNDO M_VO","validity":"Monthly","midnightExpiry":"No","renewal":"No","rental":0,"maxCount":0,"freeCycles":"0"},{"servicePackageId":1758,"chargeId":"xiiiii_PR","packageName":"MI MUNDO L_Vo","validity":"Monthly","midnightExpiry":"No","renewal":"No","rental":0,"maxCount":0,"freeCycles":"0"}]}},"xiustest":{"tpName":"xiustest","username":"USER1","networkId":16,"data":{"username":"USER1","isUpdate":true,"submittedOn":"21 Apr 2026","packageType":"PREPAID","tariffPackCategory":"NORMAL","tariffPackageDesc":"xiustest","charge":"56","endDate":"04/21/2026","publicityId":"test_xius","chargeId":"xiustest_PR","isCorporateYn":true,"tariffPlanId":1743,"tariffPlanName":"MI MUNDO S_V","selectedSvcs_s2":"[\"VOICE\"]","selectedSvcs_s3":"[\"VOICE\"]","selectedSvcs_s4":"[\"VOICE\",\"SMS\",\"DATA\"]","defaultAtps":[{"servicePackageId":1750,"chargeId":"xiustest_PR","packageName":"MI MUNDO M_VO","validity":"Monthly","midnightExpiry":"Yes","renewal":"Yes","rental":"12","maxCount":"56","freeCycles":"6"}],"allowedAtps":[{"servicePackageId":1765,"chargeId":"xiustest_PR","packageName":"DYNAMIC_DATP","validity":"Monthly","midnightExpiry":"Yes","renewal":"Yes","rental":"4","maxCount":"5","freeCycles":"6"}]}}}
[2026-05-12T12:49:19.716] [TarrifBuilder] [INFO ]  [com.xius.TariffBuilder.config.ApiLogger.doFilterInternal] Execution time 38 ms
[2026-05-12T12:49:19.716] [TarrifBuilder] [INFO ]  [com.xius.TariffBuilder.config.ApiLogger.doFilterInternal] ------------ handleResponse ------------
[2026-05-12T12:49:21.182] [TarrifBuilder] [INFO ]  [com.xius.TariffBuilder.Controller.BuilderController.step1] Opening step1
[2026-05-12T12:49:22.396] [TarrifBuilder] [INFO ]  [com.xius.TariffBuilder.Controller.BuilderController.step2] Opening step2
[2026-05-12T12:49:22.446] [TarrifBuilder] [INFO ]  [com.xius.TariffBuilder.Controller.BuilderController.getTpPlans] Fetching TP plans networkId=16 types=3
[2026-05-12T12:49:22.447] [TarrifBuilder] [INFO ]  [com.xius.TariffBuilder.UserService.ServicePlanService.getPlans] Fetching TP plans networkId=16 types=3
[2026-05-12T12:49:23.522] [TarrifBuilder] [INFO ]  [com.xius.TariffBuilder.Controller.BuilderController.step3] Opening step3
[2026-05-12T12:49:25.152] [TarrifBuilder] [INFO ]  [com.xius.TariffBuilder.Controller.BuilderController.step4] Opening step4
[2026-05-12T12:49:26.021] [TarrifBuilder] [INFO ]  [com.xius.TariffBuilder.Controller.BuilderController.getAAtpPlans] Fetching AATP plans networkId=16 types=3
[2026-05-12T12:49:26.021] [TarrifBuilder] [INFO ]  [com.xius.TariffBuilder.UserService.ServicePlanService.getAAtpPlans] Fetching AATP plans networkId=16 types=3
[2026-05-12T12:49:26.995] [TarrifBuilder] [INFO ]  [com.xius.TariffBuilder.config.ApiLogger.doFilterInternal] ------------ handleRequest ------------
[2026-05-12T12:49:26.995] [TarrifBuilder] [INFO ]  [com.xius.TariffBuilder.config.ApiLogger.doFilterInternal] POST
[2026-05-12T12:49:26.995] [TarrifBuilder] [INFO ]  [com.xius.TariffBuilder.config.ApiLogger.doFilterInternal] /description
[2026-05-12T12:49:26.995] [TarrifBuilder] [INFO ]  [com.xius.TariffBuilder.config.ApiLogger.doFilterInternal] 10.10.21.49
[2026-05-12T12:49:27.006] [TarrifBuilder] [INFO ]  [com.xius.TariffBuilder.UserService.ServicePackageService.getDescription] getDescription called servicePackageId=1991 networkId=16
[2026-05-12T12:49:27.122] [TarrifBuilder] [INFO ]  [com.xius.TariffBuilder.UserService.ServicePackageService.getDescription] Description fetched successfully
[2026-05-12T12:49:27.141] [TarrifBuilder] [INFO ]  [com.xius.TariffBuilder.config.ApiLogger.doFilterInternal] Request Payload {"networkId":"16","servicePackageId":"1991"}
[2026-05-12T12:49:27.142] [TarrifBuilder] [INFO ]  [com.xius.TariffBuilder.config.ApiLogger.doFilterInternal] 200
[2026-05-12T12:49:27.142] [TarrifBuilder] [INFO ]  [com.xius.TariffBuilder.config.ApiLogger.doFilterInternal] Response Payload {"description":"30 MB DATA"}
[2026-05-12T12:49:27.142] [TarrifBuilder] [INFO ]  [com.xius.TariffBuilder.config.ApiLogger.doFilterInternal] Execution time 146 ms
[2026-05-12T12:49:27.142] [TarrifBuilder] [INFO ]  [com.xius.TariffBuilder.config.ApiLogger.doFilterInternal] ------------ handleResponse ------------
[2026-05-12T12:49:27.594] [TarrifBuilder] [INFO ]  [com.xius.TariffBuilder.config.ApiLogger.doFilterInternal] ------------ handleRequest ------------
[2026-05-12T12:49:27.594] [TarrifBuilder] [INFO ]  [com.xius.TariffBuilder.config.ApiLogger.doFilterInternal] POST
[2026-05-12T12:49:27.594] [TarrifBuilder] [INFO ]  [com.xius.TariffBuilder.config.ApiLogger.doFilterInternal] /description
[2026-05-12T12:49:27.594] [TarrifBuilder] [INFO ]  [com.xius.TariffBuilder.config.ApiLogger.doFilterInternal] 10.10.21.49
[2026-05-12T12:49:27.594] [TarrifBuilder] [INFO ]  [com.xius.TariffBuilder.UserService.ServicePackageService.getDescription] getDescription called servicePackageId=1997 networkId=16
[2026-05-12T12:49:27.737] [TarrifBuilder] [INFO ]  [com.xius.TariffBuilder.UserService.ServicePackageService.getDescription] Description fetched successfully
[2026-05-12T12:49:27.741] [TarrifBuilder] [INFO ]  [com.xius.TariffBuilder.config.ApiLogger.doFilterInternal] Request Payload {"networkId":"16","servicePackageId":"1997"}
[2026-05-12T12:49:27.741] [TarrifBuilder] [INFO ]  [com.xius.TariffBuilder.config.ApiLogger.doFilterInternal] 200
[2026-05-12T12:49:27.743] [TarrifBuilder] [INFO ]  [com.xius.TariffBuilder.config.ApiLogger.doFilterInternal] Response Payload {"description":"30 MB  data"}
[2026-05-12T12:49:27.743] [TarrifBuilder] [INFO ]  [com.xius.TariffBuilder.config.ApiLogger.doFilterInternal] Execution time 147 ms
[2026-05-12T12:49:27.743] [TarrifBuilder] [INFO ]  [com.xius.TariffBuilder.config.ApiLogger.doFilterInternal] ------------ handleResponse ------------
[2026-05-12T12:49:28.558] [TarrifBuilder] [INFO ]  [com.xius.TariffBuilder.Controller.BuilderController.step5] Opening step5
[2026-05-12T12:49:29.837] [TarrifBuilder] [INFO ]  [com.xius.TariffBuilder.config.ApiLogger.doFilterInternal] ------------ handleRequest ------------
[2026-05-12T12:49:29.837] [TarrifBuilder] [INFO ]  [com.xius.TariffBuilder.config.ApiLogger.doFilterInternal] POST
[2026-05-12T12:49:29.837] [TarrifBuilder] [INFO ]  [com.xius.TariffBuilder.config.ApiLogger.doFilterInternal] /prepareSaveConfig
[2026-05-12T12:49:29.837] [TarrifBuilder] [INFO ]  [com.xius.TariffBuilder.config.ApiLogger.doFilterInternal] 10.10.21.49
[2026-05-12T12:49:29.849] [TarrifBuilder] [INFO ]  [com.xius.TariffBuilder.Controller.BuilderController.prepareSaveConfig] Prepare config called username=USER1 networkId=16
[2026-05-12T12:49:29.849] [TarrifBuilder] [INFO ]  [com.xius.TariffBuilder.UserService.SaveConfigService.prepareConfig] Preparing config for user=USER1 networkId=16
[2026-05-12T12:49:30.006] [TarrifBuilder] [INFO ]  [com.xius.TariffBuilder.UserService.SaveConfigService.prepareConfig] Storing config tpName=test_ep username=USER1 networkId=16
[2026-05-12T12:49:30.006] [TarrifBuilder] [INFO ]  [com.xius.TariffBuilder.util.JsonStorage.store] Storing JSON tpName=test_ep
[2026-05-12T12:49:30.006] [TarrifBuilder] [INFO ]  [com.xius.TariffBuilder.util.JsonStorage.store] Updating existing TP test_ep
[2026-05-12T12:49:30.022] [TarrifBuilder] [INFO ]  [com.xius.TariffBuilder.util.JsonStorage.store] JSON stored successfully test_ep
[2026-05-12T12:49:30.022] [TarrifBuilder] [INFO ]  [com.xius.TariffBuilder.UserService.SaveConfigService.prepareConfig] Config prepared successfully tpName=test_ep username=USER1 networkId=16
[2026-05-12T12:49:30.028] [TarrifBuilder] [INFO ]  [com.xius.TariffBuilder.Controller.BuilderController.prepareSaveConfig] Prepare config completed
[2026-05-12T12:49:30.028] [TarrifBuilder] [INFO ]  [com.xius.TariffBuilder.config.ApiLogger.doFilterInternal] Request Payload {"username":"USER1","isUpdate":true,"submittedOn":"12 May 2026","packageType":"POSTPAID","tariffPackCategory":"COMMERCIAL","tariffPackageDesc":"test_ep","charge":"654","endDate":"05/22/2026","publicityId":"pb01","chargeId":"test_ep_PR","isCorporateYn":true,"tariffPlanId":2020,"tariffPlanName":"MI MUNDO L D5","selectedSvcs_s2":"[\"DATA\"]","selectedSvcs_s3":"[]","selectedSvcs_s4":"[\"DATA\"]","defaultAtps":[],"allowedAtps":[{"servicePackageId":1991,"chargeId":"test_ep_PR","packageName":"MI MUNDO D1","validity":"Monthly","midnightExpiry":"No","renewal":"No","rental":0,"maxCount":0,"freeCycles":"0"}]}
[2026-05-12T12:49:30.028] [TarrifBuilder] [INFO ]  [com.xius.TariffBuilder.config.ApiLogger.doFilterInternal] 200
[2026-05-12T12:49:30.028] [TarrifBuilder] [INFO ]  [com.xius.TariffBuilder.config.ApiLogger.doFilterInternal] Response Payload {"tpName":"test_ep","message":"Tariff Package updated successfully, test_ep"}
[2026-05-12T12:49:30.028] [TarrifBuilder] [INFO ]  [com.xius.TariffBuilder.config.ApiLogger.doFilterInternal] Execution time 191 ms
[2026-05-12T12:49:30.028] [TarrifBuilder] [INFO ]  [com.xius.TariffBuilder.config.ApiLogger.doFilterInternal] ------------ handleResponse ------------
[2026-05-12T12:49:32.625] [TarrifBuilder] [INFO ]  [com.xius.TariffBuilder.Controller.BuilderController.step1] Opening step1
[2026-05-12T12:49:35.093] [TarrifBuilder] [INFO ]  [com.xius.TariffBuilder.Controller.BuilderController.adminPage] Opening admin page
[2026-05-12T12:49:35.094] [TarrifBuilder] [INFO ]  [com.xius.TariffBuilder.UserService.TariffService.getTariffPackages] Fetching Tariff Package names from JSON
[2026-05-12T12:49:35.095] [TarrifBuilder] [INFO ]  [com.xius.TariffBuilder.Controller.BuilderController.adminPage] Fetching TP list for admin user=USER1 networkId=16
[2026-05-12T12:49:35.095] [TarrifBuilder] [INFO ]  [com.xius.TariffBuilder.Controller.BuilderController.adminPage] TP list response size=4
[2026-05-12T12:49:35.839] [TarrifBuilder] [INFO ]  [com.xius.TariffBuilder.config.ApiLogger.doFilterInternal] ------------ handleRequest ------------
[2026-05-12T12:49:35.839] [TarrifBuilder] [INFO ]  [com.xius.TariffBuilder.config.ApiLogger.doFilterInternal] GET
[2026-05-12T12:49:35.839] [TarrifBuilder] [INFO ]  [com.xius.TariffBuilder.config.ApiLogger.doFilterInternal] /admin/hierarchy/test_ep
[2026-05-12T12:49:35.839] [TarrifBuilder] [INFO ]  [com.xius.TariffBuilder.config.ApiLogger.doFilterInternal] 10.10.21.49
[2026-05-12T12:49:35.839] [TarrifBuilder] [INFO ]  [com.xius.TariffBuilder.UserService.TariffService.getHierarchy] Fetching hierarchy for tpName=test_ep
[2026-05-12T12:49:35.839] [TarrifBuilder] [INFO ]  [com.xius.TariffBuilder.util.JsonStorage.getTpData] Fetching JSON for test_ep
[2026-05-12T12:49:35.839] [TarrifBuilder] [INFO ]  [com.xius.TariffBuilder.config.ApiLogger.doFilterInternal] 200
[2026-05-12T12:49:35.839] [TarrifBuilder] [INFO ]  [com.xius.TariffBuilder.config.ApiLogger.doFilterInternal] Response Payload {"tpName":"test_ep","username":"USER1","networkId":16,"data":{"username":"USER1","isUpdate":true,"submittedOn":"12 May 2026","packageType":"POSTPAID","tariffPackCategory":"COMMERCIAL","tariffPackageDesc":"test_ep","charge":"654","endDate":"05/22/2026","publicityId":"pb01","chargeId":"test_ep_PR","isCorporateYn":true,"tariffPlanId":2020,"tariffPlanName":"MI MUNDO L D5","selectedSvcs_s2":"[\"DATA\"]","selectedSvcs_s3":"[]","selectedSvcs_s4":"[\"DATA\"]","defaultAtps":[],"allowedAtps":[{"servicePackageId":1991,"chargeId":"test_ep_PR","packageName":"MI MUNDO D1","validity":"Monthly","midnightExpiry":"No","renewal":"No","rental":0,"maxCount":0,"freeCycles":"0"}]}}
[2026-05-12T12:49:35.839] [TarrifBuilder] [INFO ]  [com.xius.TariffBuilder.config.ApiLogger.doFilterInternal] Execution time 0 ms
[2026-05-12T12:49:35.839] [TarrifBuilder] [INFO ]  [com.xius.TariffBuilder.config.ApiLogger.doFilterInternal] ------------ handleResponse ------------
[2026-05-12T12:49:42.514] [TarrifBuilder] [INFO ]  [com.xius.TariffBuilder.config.ApiLogger.doFilterInternal] ------------ handleRequest ------------
[2026-05-12T12:49:42.514] [TarrifBuilder] [INFO ]  [com.xius.TariffBuilder.config.ApiLogger.doFilterInternal] POST
[2026-05-12T12:49:42.515] [TarrifBuilder] [INFO ]  [com.xius.TariffBuilder.config.ApiLogger.doFilterInternal] /approve/test_ep
[2026-05-12T12:49:42.515] [TarrifBuilder] [INFO ]  [com.xius.TariffBuilder.config.ApiLogger.doFilterInternal] 10.10.21.49
[2026-05-12T12:49:42.659] [TarrifBuilder] [INFO ]  [com.xius.TariffBuilder.UserService.TariffApprovalService.approve] Approve request received tpName=test_ep
[2026-05-12T12:49:42.659] [TarrifBuilder] [INFO ]  [com.xius.TariffBuilder.util.JsonStorage.getTpData] Fetching JSON for test_ep
[2026-05-12T12:49:42.667] [TarrifBuilder] [INFO ]  [com.xius.TariffBuilder.UserService.TariffApprovalService.approve] Approve request payload tpName=test_ep networkId=16 username=USER1
[2026-05-12T12:49:43.024] [TarrifBuilder] [INFO ]  [com.xius.TariffBuilder.UserService.TariffApprovalService.approve] ATP presence check hasDefaultAtps=false hasAllowedAtps=true hasAnyAtps=true
[2026-05-12T12:49:43.984] [TarrifBuilder] [INFO ]  [com.xius.TariffBuilder.UserService.TariffApprovalService.approve] Old mapping oldPlanId=1083 oldPlanZoneId=null oldBucketId=T1966 oldBucketZoneId=null
[2026-05-12T12:49:44.221] [TarrifBuilder] [INFO ]  [com.xius.TariffBuilder.UserService.ServiceplanZone.cloneZoneIfExists] Zone clone skipped oldZoneId=null newZoneId=920
[2026-05-12T12:49:44.455] [TarrifBuilder] [INFO ]  [com.xius.TariffBuilder.UserService.ServiceplanZone.cloneZoneIfExists] Zone clone skipped oldZoneId=null newZoneId=920
[2026-05-12T12:49:44.458] [TarrifBuilder] [INFO ]  [com.xius.TariffBuilder.UserService.ServiceCloneService.cloneService] Clone service started networkId=16 servicePackageId=2020 tpName=test_ep newPlanZoneId=920
[2026-05-12T12:49:45.774] [TarrifBuilder] [INFO ]  [com.xius.TariffBuilder.UserService.ServiceCloneService.cloneService] Service plan cloned oldPlanId=1083 newPlanId=1404 newPackageId=2270
[2026-05-12T12:49:45.774] [TarrifBuilder] [INFO ]  [com.xius.TariffBuilder.UserService.ServiceCloneService.cloneService] Clone service completed newPackageId=2270 lastNewPlanId=1404
[2026-05-12T12:49:45.774] [TarrifBuilder] [INFO ]  [com.xius.TariffBuilder.UserService.TariffApprovalService.approve] Base service cloned newServicePackageId=2270 newServicePlanId=1404
[2026-05-12T12:49:45.774] [TarrifBuilder] [INFO ]  [com.xius.TariffBuilder.UserService.TariffApprovalService.approve] After default ATPs defaultAtpIds=[]
[2026-05-12T12:49:45.774] [TarrifBuilder] [INFO ]  [com.xius.TariffBuilder.UserService.TariffApprovalService.approve] Allowed ATP count=1
[2026-05-12T12:49:45.795] [TarrifBuilder] [INFO ]  [com.xius.TariffBuilder.UserService.BundleService.cloneAtpData] ATP clone started atpId=1991 networkId=16 tpName=test_ep newBucketZoneId=920
[2026-05-12T12:49:48.819] [TarrifBuilder] [INFO ]  [com.xius.TariffBuilder.UserService.BundleService.cloneAtpData] Bucket cloned oldBucketId=T1966 newBucketId=T2084 newBucketZoneId=920
[2026-05-12T12:49:49.330] [TarrifBuilder] [INFO ]  [com.xius.TariffBuilder.UserService.BundleService.cloneAtpData] ATP clone completed oldAtpId=1991 newAtpId=2271
[2026-05-12T12:49:49.330] [TarrifBuilder] [INFO ]  [com.xius.TariffBuilder.UserService.TariffApprovalService.approve] Allowed ATP cloned oldAtpId=1991 newAtpId=2271
[2026-05-12T12:49:49.330] [TarrifBuilder] [INFO ]  [com.xius.TariffBuilder.UserService.TariffApprovalService.approve] Final defaultAtpIds for DATP mapping=[]
[2026-05-12T12:49:49.330] [TarrifBuilder] [INFO ]  [com.xius.TariffBuilder.UserService.TariffApprovalService.approve] Final allowedAtpIds for AATP mapping=[2271]
[2026-05-12T12:49:49.474] [TarrifBuilder] [INFO ]  [com.xius.TariffBuilder.UserService.TariffApprovalService.insertPeriodicCharge] Default ATP not available. Skipping periodic charge.
[2026-05-12T12:49:49.847] [TarrifBuilder] [INFO ]  [com.xius.TariffBuilder.util.JsonStorage.writeAll] json updated
[2026-05-12T12:49:49.847] [TarrifBuilder] [INFO ]  [com.xius.TariffBuilder.UserService.TariffApprovalService.removeFromJson] TP removed from json storage tpName=test_ep
[2026-05-12T12:49:49.847] [TarrifBuilder] [INFO ]  [com.xius.TariffBuilder.UserService.TariffApprovalService.approve] Tariff approved tariffId=1466 executionTime=7188ms
[2026-05-12T12:49:50.018] [TarrifBuilder] [INFO ]  [com.xius.TariffBuilder.config.ApiLogger.doFilterInternal] 200
[2026-05-12T12:49:50.018] [TarrifBuilder] [INFO ]  [com.xius.TariffBuilder.config.ApiLogger.doFilterInternal] Response Payload {"newBucketZoneId":920,"newServicePlanId":1404,"tariffPackageId":1466,"newPlanZoneId":920,"newServicePackageId":2270,"newAtpIds":[2271]}
[2026-05-12T12:49:50.018] [TarrifBuilder] [INFO ]  [com.xius.TariffBuilder.config.ApiLogger.doFilterInternal] Execution time 7505 ms
[2026-05-12T12:49:50.018] [TarrifBuilder] [INFO ]  [com.xius.TariffBuilder.config.ApiLogger.doFilterInternal] ------------ handleResponse ------------
[2026-05-12T12:49:54.894] [TarrifBuilder] [INFO ]  [com.xius.TariffBuilder.Controller.BuilderController.adminPage] Opening admin page
[2026-05-12T12:49:54.896] [TarrifBuilder] [INFO ]  [com.xius.TariffBuilder.UserService.TariffService.getTariffPackages] Fetching Tariff Package names from JSON
[2026-05-12T12:49:54.898] [TarrifBuilder] [INFO ]  [com.xius.TariffBuilder.Controller.BuilderController.adminPage] Fetching TP list for admin user=USER1 networkId=16
[2026-05-12T12:49:54.898] [TarrifBuilder] [INFO ]  [com.xius.TariffBuilder.Controller.BuilderController.adminPage] TP list response size=3
[2026-05-12T15:11:14.442] [TarrifBuilder] [INFO ]  [com.xius.TariffBuilder.TariffBuilderApplication.main] Starting TariffBuilderApplication...
[2026-05-12T15:11:14.445] [TarrifBuilder] [INFO ]  [com.xius.TariffBuilder.TariffBuilderApplication.main] Starting TariffBuilderApplication...
[2026-05-12T15:11:14.471] [TarrifBuilder] [INFO ]  [com.xius.TariffBuilder.TariffBuilderApplication.main] Starting TariffBuilderApplication...
[2026-05-12T15:11:14.480] [TarrifBuilder] [INFO ]  [com.xius.TariffBuilder.TariffBuilderApplication.main] Starting TariffBuilderApplication...
[2026-05-12T15:11:15.866] [TarrifBuilder] [INFO ]  [com.xius.TariffBuilder.TariffBuilderApplication.logStarting] Starting TariffBuilderApplication using Java 21.0.9 with PID 2848 (D:\XIUS\TariffBuilder\target\classes started by muralikrishna.jami in D:\XIUS\TariffBuilder)
[2026-05-12T15:11:15.875] [TarrifBuilder] [INFO ]  [com.xius.TariffBuilder.TariffBuilderApplication.logStartupProfileInfo] No active profile set, falling back to 1 default profile: "default"
[2026-05-12T15:11:15.856] [TarrifBuilder] [INFO ]  [com.xius.TariffBuilder.TariffBuilderApplication.logStarting] Starting TariffBuilderApplication using Java 21.0.9 with PID 37444 (D:\XIUS\TariffBuilder\target\classes started by muralikrishna.jami in D:\XIUS\TariffBuilder)
[2026-05-12T15:11:15.968] [TarrifBuilder] [INFO ]  [com.xius.TariffBuilder.TariffBuilderApplication.logStartupProfileInfo] No active profile set, falling back to 1 default profile: "default"
[2026-05-12T15:11:16.586] [TarrifBuilder] [INFO ]  [com.xius.TariffBuilder.TariffBuilderApplication.logStarting] Starting TariffBuilderApplication using Java 21.0.9 with PID 18752 (D:\XIUS\TariffBuilder\target\classes started by muralikrishna.jami in D:\XIUS\TariffBuilder)
[2026-05-12T15:11:16.597] [TarrifBuilder] [INFO ]  [com.xius.TariffBuilder.TariffBuilderApplication.logStartupProfileInfo] No active profile set, falling back to 1 default profile: "default"
[2026-05-12T15:11:16.887] [TarrifBuilder] [INFO ]  [org.hibernate.validator.internal.util.Version.<clinit>] HV000001: Hibernate Validator 9.0.1.Final
[2026-05-12T15:11:17.100] [TarrifBuilder] [INFO ]  [com.xius.TariffBuilder.TariffBuilderApplication.logStarting] Starting TariffBuilderApplication using Java 21.0.9 with PID 31352 (D:\XIUS\TariffBuilder\target\classes started by muralikrishna.jami in D:\XIUS\TariffBuilder)
[2026-05-12T15:11:17.129] [TarrifBuilder] [INFO ]  [com.xius.TariffBuilder.TariffBuilderApplication.logStartupProfileInfo] No active profile set, falling back to 1 default profile: "default"
[2026-05-12T15:11:17.432] [TarrifBuilder] [INFO ]  [org.hibernate.validator.internal.util.Version.<clinit>] HV000001: Hibernate Validator 9.0.1.Final
[2026-05-12T15:11:17.437] [TarrifBuilder] [INFO ]  [org.hibernate.validator.internal.util.Version.<clinit>] HV000001: Hibernate Validator 9.0.1.Final
[2026-05-12T15:11:18.340] [TarrifBuilder] [INFO ]  [org.hibernate.validator.internal.util.Version.<clinit>] HV000001: Hibernate Validator 9.0.1.Final
[2026-05-12T15:11:18.729] [TarrifBuilder] [INFO ]  [org.springframework.data.repository.config.RepositoryConfigurationDelegate.registerRepositoriesIn] Bootstrapping Spring Data JPA repositories in DEFAULT mode.
[2026-05-12T15:11:18.807] [TarrifBuilder] [INFO ]  [org.springframework.data.repository.config.RepositoryConfigurationDelegate.registerRepositoriesIn] Finished Spring Data repository scanning in 49 ms. Found 0 JPA repository interfaces.
[2026-05-12T15:11:19.113] [TarrifBuilder] [INFO ]  [org.springframework.data.repository.config.RepositoryConfigurationDelegate.registerRepositoriesIn] Bootstrapping Spring Data JPA repositories in DEFAULT mode.
[2026-05-12T15:11:19.176] [TarrifBuilder] [INFO ]  [org.springframework.data.repository.config.RepositoryConfigurationDelegate.registerRepositoriesIn] Finished Spring Data repository scanning in 47 ms. Found 0 JPA repository interfaces.
[2026-05-12T15:11:19.381] [TarrifBuilder] [INFO ]  [org.springframework.data.repository.config.RepositoryConfigurationDelegate.registerRepositoriesIn] Bootstrapping Spring Data JPA repositories in DEFAULT mode.
[2026-05-12T15:11:19.453] [TarrifBuilder] [INFO ]  [org.springframework.data.repository.config.RepositoryConfigurationDelegate.registerRepositoriesIn] Finished Spring Data repository scanning in 40 ms. Found 0 JPA repository interfaces.
[2026-05-12T15:11:20.333] [TarrifBuilder] [INFO ]  [org.springframework.boot.tomcat.TomcatWebServer.initialize] Tomcat initialized with port 8090 (http)
[2026-05-12T15:11:20.375] [TarrifBuilder] [INFO ]  [org.apache.coyote.http11.Http11NioProtocol.log] Initializing ProtocolHandler ["http-nio-8090"]
[2026-05-12T15:11:20.379] [TarrifBuilder] [INFO ]  [org.apache.catalina.core.StandardService.log] Starting service [Tomcat]
[2026-05-12T15:11:20.379] [TarrifBuilder] [INFO ]  [org.apache.catalina.core.StandardEngine.log] Starting Servlet engine: [Apache Tomcat/11.0.20]
[2026-05-12T15:11:20.538] [TarrifBuilder] [INFO ]  [org.springframework.boot.web.context.servlet.WebApplicationContextInitializer.prepareWebApplicationContext] Root WebApplicationContext: initialization completed in 4189 ms
[2026-05-12T15:11:20.554] [TarrifBuilder] [INFO ]  [org.springframework.boot.tomcat.TomcatWebServer.initialize] Tomcat initialized with port 8090 (http)
[2026-05-12T15:11:20.591] [TarrifBuilder] [INFO ]  [org.apache.coyote.http11.Http11NioProtocol.log] Initializing ProtocolHandler ["http-nio-8090"]
[2026-05-12T15:11:20.595] [TarrifBuilder] [INFO ]  [org.apache.catalina.core.StandardService.log] Starting service [Tomcat]
[2026-05-12T15:11:20.595] [TarrifBuilder] [INFO ]  [org.apache.catalina.core.StandardEngine.log] Starting Servlet engine: [Apache Tomcat/11.0.20]
[2026-05-12T15:11:20.706] [TarrifBuilder] [INFO ]  [org.springframework.boot.web.context.servlet.WebApplicationContextInitializer.prepareWebApplicationContext] Root WebApplicationContext: initialization completed in 4471 ms
[2026-05-12T15:11:20.743] [TarrifBuilder] [INFO ]  [org.springframework.boot.tomcat.TomcatWebServer.initialize] Tomcat initialized with port 8090 (http)
[2026-05-12T15:11:20.807] [TarrifBuilder] [INFO ]  [org.apache.coyote.http11.Http11NioProtocol.log] Initializing ProtocolHandler ["http-nio-8090"]
[2026-05-12T15:11:20.811] [TarrifBuilder] [INFO ]  [org.apache.catalina.core.StandardService.log] Starting service [Tomcat]
[2026-05-12T15:11:20.811] [TarrifBuilder] [INFO ]  [org.apache.catalina.core.StandardEngine.log] Starting Servlet engine: [Apache Tomcat/11.0.20]
[2026-05-12T15:11:20.993] [TarrifBuilder] [INFO ]  [org.springframework.boot.web.context.servlet.WebApplicationContextInitializer.prepareWebApplicationContext] Root WebApplicationContext: initialization completed in 4212 ms
[2026-05-12T15:11:21.232] [TarrifBuilder] [INFO ]  [com.zaxxer.hikari.HikariDataSource.getConnection] HikariPool-1 - Starting...
[2026-05-12T15:11:21.470] [TarrifBuilder] [INFO ]  [com.zaxxer.hikari.HikariDataSource.getConnection] HikariPool-1 - Starting...
[2026-05-12T15:11:21.809] [TarrifBuilder] [INFO ]  [com.zaxxer.hikari.HikariDataSource.getConnection] HikariPool-1 - Starting...
[2026-05-12T15:11:23.760] [TarrifBuilder] [INFO ]  [com.xius.TariffBuilder.TariffBuilderApplication.main] Starting TariffBuilderApplication...
[2026-05-12T15:11:24.378] [TarrifBuilder] [INFO ]  [com.xius.TariffBuilder.TariffBuilderApplication.logStarting] Starting TariffBuilderApplication using Java 21.0.9 with PID 5496 (D:\XIUS\TariffBuilder\target\classes started by muralikrishna.jami in D:\XIUS\TariffBuilder)
[2026-05-12T15:11:24.383] [TarrifBuilder] [INFO ]  [com.xius.TariffBuilder.TariffBuilderApplication.logStartupProfileInfo] No active profile set, falling back to 1 default profile: "default"
[2026-05-12T15:11:24.640] [TarrifBuilder] [INFO ]  [org.hibernate.validator.internal.util.Version.<clinit>] HV000001: Hibernate Validator 9.0.1.Final
[2026-05-12T15:11:25.326] [TarrifBuilder] [INFO ]  [org.springframework.data.repository.config.RepositoryConfigurationDelegate.registerRepositoriesIn] Bootstrapping Spring Data JPA repositories in DEFAULT mode.
[2026-05-12T15:11:25.358] [TarrifBuilder] [INFO ]  [org.springframework.data.repository.config.RepositoryConfigurationDelegate.registerRepositoriesIn] Finished Spring Data repository scanning in 19 ms. Found 0 JPA repository interfaces.
[2026-05-12T15:11:25.706] [TarrifBuilder] [INFO ]  [com.zaxxer.hikari.pool.HikariPool.checkFailFast] HikariPool-1 - Added connection oracle.jdbc.driver.T4CConnection@33e3bd2e
[2026-05-12T15:11:25.709] [TarrifBuilder] [INFO ]  [com.zaxxer.hikari.HikariDataSource.getConnection] HikariPool-1 - Start completed.
[2026-05-12T15:11:25.721] [TarrifBuilder] [INFO ]  [com.zaxxer.hikari.pool.HikariPool.checkFailFast] HikariPool-1 - Added connection oracle.jdbc.driver.T4CConnection@9408857
[2026-05-12T15:11:25.721] [TarrifBuilder] [INFO ]  [com.zaxxer.hikari.pool.HikariPool.checkFailFast] HikariPool-1 - Added connection oracle.jdbc.driver.T4CConnection@16e1219f
[2026-05-12T15:11:25.725] [TarrifBuilder] [INFO ]  [com.zaxxer.hikari.HikariDataSource.getConnection] HikariPool-1 - Start completed.
[2026-05-12T15:11:25.725] [TarrifBuilder] [INFO ]  [com.zaxxer.hikari.HikariDataSource.getConnection] HikariPool-1 - Start completed.
[2026-05-12T15:11:25.787] [TarrifBuilder] [INFO ]  [org.hibernate.orm.jpa.logPersistenceUnitInformation] HHH008540: Processing PersistenceUnitInfo [name: default]
[2026-05-12T15:11:25.787] [TarrifBuilder] [INFO ]  [org.hibernate.orm.jpa.logPersistenceUnitInformation] HHH008540: Processing PersistenceUnitInfo [name: default]
[2026-05-12T15:11:25.789] [TarrifBuilder] [INFO ]  [org.hibernate.orm.jpa.logPersistenceUnitInformation] HHH008540: Processing PersistenceUnitInfo [name: default]
[2026-05-12T15:11:25.986] [TarrifBuilder] [INFO ]  [org.hibernate.orm.core.logVersion] HHH000001: Hibernate ORM core version 7.2.7.Final
[2026-05-12T15:11:25.999] [TarrifBuilder] [INFO ]  [org.hibernate.orm.core.logVersion] HHH000001: Hibernate ORM core version 7.2.7.Final
[2026-05-12T15:11:26.037] [TarrifBuilder] [INFO ]  [org.hibernate.orm.core.logVersion] HHH000001: Hibernate ORM core version 7.2.7.Final
[2026-05-12T15:11:26.947] [TarrifBuilder] [INFO ]  [org.springframework.boot.tomcat.TomcatWebServer.initialize] Tomcat initialized with port 8090 (http)
[2026-05-12T15:11:26.983] [TarrifBuilder] [INFO ]  [org.apache.coyote.http11.Http11NioProtocol.log] Initializing ProtocolHandler ["http-nio-8090"]
[2026-05-12T15:11:26.989] [TarrifBuilder] [INFO ]  [org.apache.catalina.core.StandardService.log] Starting service [Tomcat]
[2026-05-12T15:11:26.991] [TarrifBuilder] [INFO ]  [org.apache.catalina.core.StandardEngine.log] Starting Servlet engine: [Apache Tomcat/11.0.20]
[2026-05-12T15:11:27.136] [TarrifBuilder] [INFO ]  [org.springframework.boot.web.context.servlet.WebApplicationContextInitializer.prepareWebApplicationContext] Root WebApplicationContext: initialization completed in 2689 ms
[2026-05-12T15:11:27.260] [TarrifBuilder] [INFO ]  [org.springframework.orm.jpa.persistenceunit.SpringPersistenceUnitInfo.addTransformer] No LoadTimeWeaver setup: ignoring JPA class transformer
[2026-05-12T15:11:27.438] [TarrifBuilder] [INFO ]  [org.springframework.orm.jpa.persistenceunit.SpringPersistenceUnitInfo.addTransformer] No LoadTimeWeaver setup: ignoring JPA class transformer
[2026-05-12T15:11:27.537] [TarrifBuilder] [INFO ]  [org.springframework.orm.jpa.persistenceunit.SpringPersistenceUnitInfo.addTransformer] No LoadTimeWeaver setup: ignoring JPA class transformer
[2026-05-12T15:11:27.737] [TarrifBuilder] [INFO ]  [com.zaxxer.hikari.HikariDataSource.getConnection] HikariPool-1 - Starting...
[2026-05-12T15:11:29.152] [TarrifBuilder] [WARN ]  [org.hibernate.orm.jdbc.logJdbcFetchSize] HHH100123: Low default JDBC fetch size: 10 (consider setting 'hibernate.jdbc.fetch_size')
[2026-05-12T15:11:29.159] [TarrifBuilder] [INFO ]  [org.hibernate.orm.connections.pooling.logConnectionInfo] HHH10001005: Database info:
	Database JDBC URL [jdbc:oracle:thin:@192.168.149.121:1521/ATTTEST]
	Database driver: Oracle JDBC driver
	Database dialect: OracleDialect
	Database version: 19.27
	Default catalog/schema: undefined/IZZI_BSSSDP_QC
	Autocommit mode: undefined/unknown
	Isolation level: READ_COMMITTED [default READ_COMMITTED]
	JDBC fetch size: 10
	Pool: DataSourceConnectionProvider
	Minimum pool size: undefined/unknown
	Maximum pool size: undefined/unknown
[2026-05-12T15:11:29.420] [TarrifBuilder] [WARN ]  [org.hibernate.orm.jdbc.logJdbcFetchSize] HHH100123: Low default JDBC fetch size: 10 (consider setting 'hibernate.jdbc.fetch_size')
[2026-05-12T15:11:29.425] [TarrifBuilder] [INFO ]  [org.hibernate.orm.connections.pooling.logConnectionInfo] HHH10001005: Database info:
	Database JDBC URL [jdbc:oracle:thin:@192.168.149.121:1521/ATTTEST]
	Database driver: Oracle JDBC driver
	Database dialect: OracleDialect
	Database version: 19.27
	Default catalog/schema: undefined/IZZI_BSSSDP_QC
	Autocommit mode: undefined/unknown
	Isolation level: READ_COMMITTED [default READ_COMMITTED]
	JDBC fetch size: 10
	Pool: DataSourceConnectionProvider
	Minimum pool size: undefined/unknown
	Maximum pool size: undefined/unknown
[2026-05-12T15:11:30.221] [TarrifBuilder] [WARN ]  [org.hibernate.orm.jdbc.logJdbcFetchSize] HHH100123: Low default JDBC fetch size: 10 (consider setting 'hibernate.jdbc.fetch_size')
[2026-05-12T15:11:30.229] [TarrifBuilder] [INFO ]  [org.hibernate.orm.connections.pooling.logConnectionInfo] HHH10001005: Database info:
	Database JDBC URL [jdbc:oracle:thin:@192.168.149.121:1521/ATTTEST]
	Database driver: Oracle JDBC driver
	Database dialect: OracleDialect
	Database version: 19.27
	Default catalog/schema: undefined/IZZI_BSSSDP_QC
	Autocommit mode: undefined/unknown
	Isolation level: READ_COMMITTED [default READ_COMMITTED]
	JDBC fetch size: 10
	Pool: DataSourceConnectionProvider
	Minimum pool size: undefined/unknown
	Maximum pool size: undefined/unknown
[2026-05-12T15:11:30.739] [TarrifBuilder] [INFO ]  [org.hibernate.orm.core.initiateService] HHH000489: No JTA platform available (set 'hibernate.transaction.jta.platform' to enable JTA platform integration)
[2026-05-12T15:11:30.751] [TarrifBuilder] [INFO ]  [org.springframework.orm.jpa.LocalContainerEntityManagerFactoryBean.buildNativeEntityManagerFactory] Initialized JPA EntityManagerFactory for persistence unit 'default'
[2026-05-12T15:11:30.932] [TarrifBuilder] [INFO ]  [org.hibernate.orm.core.initiateService] HHH000489: No JTA platform available (set 'hibernate.transaction.jta.platform' to enable JTA platform integration)
[2026-05-12T15:11:30.948] [TarrifBuilder] [INFO ]  [org.springframework.orm.jpa.LocalContainerEntityManagerFactoryBean.buildNativeEntityManagerFactory] Initialized JPA EntityManagerFactory for persistence unit 'default'
[2026-05-12T15:11:31.079] [TarrifBuilder] [WARN ]  [org.springframework.boot.jpa.autoconfigure.JpaBaseConfiguration$JpaWebConfiguration.openEntityManagerInViewInterceptor] spring.jpa.open-in-view is enabled by default. Therefore, database queries may be performed during view rendering. Explicitly configure spring.jpa.open-in-view to disable this warning
[2026-05-12T15:11:31.297] [TarrifBuilder] [WARN ]  [org.springframework.boot.jpa.autoconfigure.JpaBaseConfiguration$JpaWebConfiguration.openEntityManagerInViewInterceptor] spring.jpa.open-in-view is enabled by default. Therefore, database queries may be performed during view rendering. Explicitly configure spring.jpa.open-in-view to disable this warning
[2026-05-12T15:11:32.144] [TarrifBuilder] [INFO ]  [com.zaxxer.hikari.pool.HikariPool.checkFailFast] HikariPool-1 - Added connection oracle.jdbc.driver.T4CConnection@33e3bd2e
[2026-05-12T15:11:32.148] [TarrifBuilder] [INFO ]  [com.zaxxer.hikari.HikariDataSource.getConnection] HikariPool-1 - Start completed.
[2026-05-12T15:11:32.193] [TarrifBuilder] [INFO ]  [org.apache.coyote.http11.Http11NioProtocol.log] Starting ProtocolHandler ["http-nio-8090"]
[2026-05-12T15:11:32.223] [TarrifBuilder] [INFO ]  [org.hibernate.orm.jpa.logPersistenceUnitInformation] HHH008540: Processing PersistenceUnitInfo [name: default]
[2026-05-12T15:11:32.380] [TarrifBuilder] [INFO ]  [org.springframework.boot.tomcat.TomcatWebServer.start] Tomcat started on port 8090 (http) with context path '/'
[2026-05-12T15:11:32.404] [TarrifBuilder] [INFO ]  [org.hibernate.orm.core.logVersion] HHH000001: Hibernate ORM core version 7.2.7.Final
[2026-05-12T15:11:32.428] [TarrifBuilder] [INFO ]  [com.xius.TariffBuilder.TariffBuilderApplication.logStarted] Started TariffBuilderApplication in 17.666 seconds (process running for 20.154)
[2026-05-12T15:11:32.448] [TarrifBuilder] [INFO ]  [com.xius.TariffBuilder.TariffBuilderApplication.main] TariffBuilderApplication started successfully
[2026-05-12T15:11:32.589] [TarrifBuilder] [INFO ]  [org.apache.coyote.http11.Http11NioProtocol.log] Starting ProtocolHandler ["http-nio-8090"]
[2026-05-12T15:11:32.608] [TarrifBuilder] [WARN ]  [org.springframework.boot.web.server.servlet.context.AnnotationConfigServletWebServerApplicationContext.refresh] Exception encountered during context initialization - cancelling refresh attempt: org.springframework.context.ApplicationContextException: Failed to start bean 'webServerStartStop'
[2026-05-12T15:11:32.616] [TarrifBuilder] [INFO ]  [org.springframework.orm.jpa.LocalContainerEntityManagerFactoryBean.destroy] Closing JPA EntityManagerFactory for persistence unit 'default'
[2026-05-12T15:11:32.634] [TarrifBuilder] [INFO ]  [com.zaxxer.hikari.HikariDataSource.close] HikariPool-1 - Shutdown initiated...
[2026-05-12T15:11:32.761] [TarrifBuilder] [INFO ]  [org.hibernate.orm.core.initiateService] HHH000489: No JTA platform available (set 'hibernate.transaction.jta.platform' to enable JTA platform integration)
[2026-05-12T15:11:32.792] [TarrifBuilder] [INFO ]  [org.springframework.orm.jpa.LocalContainerEntityManagerFactoryBean.buildNativeEntityManagerFactory] Initialized JPA EntityManagerFactory for persistence unit 'default'
[2026-05-12T15:11:33.137] [TarrifBuilder] [WARN ]  [org.springframework.boot.jpa.autoconfigure.JpaBaseConfiguration$JpaWebConfiguration.openEntityManagerInViewInterceptor] spring.jpa.open-in-view is enabled by default. Therefore, database queries may be performed during view rendering. Explicitly configure spring.jpa.open-in-view to disable this warning
[2026-05-12T15:11:33.444] [TarrifBuilder] [INFO ]  [org.springframework.orm.jpa.persistenceunit.SpringPersistenceUnitInfo.addTransformer] No LoadTimeWeaver setup: ignoring JPA class transformer
[2026-05-12T15:11:33.749] [TarrifBuilder] [INFO ]  [org.apache.coyote.http11.Http11NioProtocol.log] Starting ProtocolHandler ["http-nio-8090"]
[2026-05-12T15:11:33.760] [TarrifBuilder] [WARN ]  [org.springframework.boot.web.server.servlet.context.AnnotationConfigServletWebServerApplicationContext.refresh] Exception encountered during context initialization - cancelling refresh attempt: org.springframework.context.ApplicationContextException: Failed to start bean 'webServerStartStop'
[2026-05-12T15:11:33.763] [TarrifBuilder] [INFO ]  [org.springframework.orm.jpa.LocalContainerEntityManagerFactoryBean.destroy] Closing JPA EntityManagerFactory for persistence unit 'default'
[2026-05-12T15:11:33.767] [TarrifBuilder] [INFO ]  [com.zaxxer.hikari.HikariDataSource.close] HikariPool-1 - Shutdown initiated...
[2026-05-12T15:11:34.622] [TarrifBuilder] [INFO ]  [com.zaxxer.hikari.HikariDataSource.close] HikariPool-1 - Shutdown completed.
[2026-05-12T15:11:34.647] [TarrifBuilder] [INFO ]  [org.springframework.boot.autoconfigure.logging.ConditionEvaluationReportLogger.logMessage] 

Error starting ApplicationContext. To display the condition evaluation report re-run your application with 'debug' enabled.
[2026-05-12T15:11:34.680] [TarrifBuilder] [ERROR]  [org.springframework.boot.diagnostics.LoggingFailureAnalysisReporter.report] 

***************************
APPLICATION FAILED TO START
***************************

Description:

Web server failed to start. Port 8090 was already in use.

Action:

Identify and stop the process that's listening on port 8090 or configure this application to listen on another port.

[2026-05-12T15:11:35.427] [TarrifBuilder] [INFO ]  [com.zaxxer.hikari.HikariDataSource.close] HikariPool-1 - Shutdown completed.
[2026-05-12T15:11:35.440] [TarrifBuilder] [INFO ]  [org.springframework.boot.autoconfigure.logging.ConditionEvaluationReportLogger.logMessage] 

Error starting ApplicationContext. To display the condition evaluation report re-run your application with 'debug' enabled.
[2026-05-12T15:11:35.453] [TarrifBuilder] [ERROR]  [org.springframework.boot.diagnostics.LoggingFailureAnalysisReporter.report] 

***************************
APPLICATION FAILED TO START
***************************

Description:

Web server failed to start. Port 8090 was already in use.

Action:

Identify and stop the process that's listening on port 8090 or configure this application to listen on another port.

[2026-05-12T15:11:35.714] [TarrifBuilder] [WARN ]  [org.hibernate.orm.jdbc.logJdbcFetchSize] HHH100123: Low default JDBC fetch size: 10 (consider setting 'hibernate.jdbc.fetch_size')
[2026-05-12T15:11:35.724] [TarrifBuilder] [INFO ]  [org.hibernate.orm.connections.pooling.logConnectionInfo] HHH10001005: Database info:
	Database JDBC URL [jdbc:oracle:thin:@192.168.149.121:1521/ATTTEST]
	Database driver: Oracle JDBC driver
	Database dialect: OracleDialect
	Database version: 19.27
	Default catalog/schema: undefined/IZZI_BSSSDP_QC
	Autocommit mode: undefined/unknown
	Isolation level: READ_COMMITTED [default READ_COMMITTED]
	JDBC fetch size: 10
	Pool: DataSourceConnectionProvider
	Minimum pool size: undefined/unknown
	Maximum pool size: undefined/unknown
[2026-05-12T15:11:36.805] [TarrifBuilder] [INFO ]  [org.hibernate.orm.core.initiateService] HHH000489: No JTA platform available (set 'hibernate.transaction.jta.platform' to enable JTA platform integration)
[2026-05-12T15:11:36.813] [TarrifBuilder] [INFO ]  [org.springframework.orm.jpa.LocalContainerEntityManagerFactoryBean.buildNativeEntityManagerFactory] Initialized JPA EntityManagerFactory for persistence unit 'default'
[2026-05-12T15:11:36.971] [TarrifBuilder] [WARN ]  [org.springframework.boot.jpa.autoconfigure.JpaBaseConfiguration$JpaWebConfiguration.openEntityManagerInViewInterceptor] spring.jpa.open-in-view is enabled by default. Therefore, database queries may be performed during view rendering. Explicitly configure spring.jpa.open-in-view to disable this warning
[2026-05-12T15:11:37.402] [TarrifBuilder] [INFO ]  [org.apache.coyote.http11.Http11NioProtocol.log] Starting ProtocolHandler ["http-nio-8090"]
[2026-05-12T15:11:37.410] [TarrifBuilder] [WARN ]  [org.springframework.boot.web.server.servlet.context.AnnotationConfigServletWebServerApplicationContext.refresh] Exception encountered during context initialization - cancelling refresh attempt: org.springframework.context.ApplicationContextException: Failed to start bean 'webServerStartStop'
[2026-05-12T15:11:37.412] [TarrifBuilder] [INFO ]  [org.springframework.orm.jpa.LocalContainerEntityManagerFactoryBean.destroy] Closing JPA EntityManagerFactory for persistence unit 'default'
[2026-05-12T15:11:37.418] [TarrifBuilder] [INFO ]  [com.zaxxer.hikari.HikariDataSource.close] HikariPool-1 - Shutdown initiated...
[2026-05-12T15:11:43.549] [TarrifBuilder] [INFO ]  [com.zaxxer.hikari.HikariDataSource.close] HikariPool-1 - Shutdown completed.
[2026-05-12T15:11:43.580] [TarrifBuilder] [INFO ]  [org.springframework.boot.autoconfigure.logging.ConditionEvaluationReportLogger.logMessage] 

Error starting ApplicationContext. To display the condition evaluation report re-run your application with 'debug' enabled.
[2026-05-12T15:11:43.599] [TarrifBuilder] [ERROR]  [org.springframework.boot.diagnostics.LoggingFailureAnalysisReporter.report] 

***************************
APPLICATION FAILED TO START
***************************

Description:

Web server failed to start. Port 8090 was already in use.

Action:

Identify and stop the process that's listening on port 8090 or configure this application to listen on another port.

